{"type":"FeatureCollection","features":[{"type":"Feature","properties":{"kind":"route","name":"Lakeland Way","distanceMetres":208307,"trackPoints":4698},"geometry":{"type":"LineString","coordinates":[[-3.408099,54.355452],[-3.407956,54.355047],[-3.407622,54.355314],[-3.407285,54.355505],[-3.406417,54.355853],[-3.40622,54.355418],[-3.406052,54.354888],[-3.405866,54.35479],[-3.405921,54.354515],[-3.405728,54.353898],[-3.405687,54.353348],[-3.405629,54.352886],[-3.404604,54.351641],[-3.404435,54.351092],[-3.404347,54.350718],[-3.403793,54.350205],[-3.403097,54.349619],[-3.399531,54.34921],[-3.399222,54.348976],[-3.398468,54.348891],[-3.398024,54.348753],[-3.397578,54.348595],[-3.397102,54.348469],[-3.39689,54.348566],[-3.396497,54.34867],[-3.395724,54.348673],[-3.394621,54.348742],[-3.394299,54.34874],[-3.394034,54.348836],[-3.392806,54.349614],[-3.391848,54.350169],[-3.390674,54.35067],[-3.387364,54.351784],[-3.386417,54.352033],[-3.385732,54.352403],[-3.38543,54.352669],[-3.385122,54.353073],[-3.384778,54.35339],[-3.384337,54.353664],[-3.384009,54.354118],[-3.383838,54.354458],[-3.383018,54.35528],[-3.381912,54.35558],[-3.381571,54.355641],[-3.381046,54.355978],[-3.380683,54.356357],[-3.380787,54.356575],[-3.381092,54.357041],[-3.381423,54.357612],[-3.383385,54.357884],[-3.383894,54.35804],[-3.38434,54.358204],[-3.385022,54.358396],[-3.385804,54.35865],[-3.385925,54.358742],[-3.385242,54.359182],[-3.384487,54.359709],[-3.383683,54.36035],[-3.383194,54.360825],[-3.38258,54.361369],[-3.381797,54.36201],[-3.378422,54.365035],[-3.377746,54.365349],[-3.377591,54.365538],[-3.377566,54.365763],[-3.377909,54.366066],[-3.377861,54.366235],[-3.377298,54.36641],[-3.377065,54.366501],[-3.376829,54.366478],[-3.376313,54.36614],[-3.375853,54.36587],[-3.375368,54.36582],[-3.374987,54.365968],[-3.374707,54.366265],[-3.37436,54.366463],[-3.373858,54.366543],[-3.373004,54.366359],[-3.37131,54.366072],[-3.370727,54.365985],[-3.369731,54.36604],[-3.36879,54.366139],[-3.367623,54.366227],[-3.36693,54.366354],[-3.365822,54.366585],[-3.363525,54.367252],[-3.362525,54.367508],[-3.361781,54.367729],[-3.36111,54.36788],[-3.360563,54.367892],[-3.359895,54.368131],[-3.359389,54.368393],[-3.358982,54.36876],[-3.358719,54.368907],[-3.357965,54.369153],[-3.357253,54.369367],[-3.356422,54.369546],[-3.35531,54.369658],[-3.354716,54.369877],[-3.354183,54.370309],[-3.353855,54.370443],[-3.35315,54.370845],[-3.35278,54.371018],[-3.35198,54.371183],[-3.351132,54.371487],[-3.350539,54.371725],[-3.350172,54.371979],[-3.349709,54.372253],[-3.348942,54.372443],[-3.348497,54.372591],[-3.348037,54.372653],[-3.347414,54.372635],[-3.346889,54.372666],[-3.346358,54.372809],[-3.345827,54.372978],[-3.344463,54.373593],[-3.342651,54.374304],[-3.340408,54.37496],[-3.339621,54.375169],[-3.339199,54.375386],[-3.338952,54.375701],[-3.338693,54.375979],[-3.33828,54.376153],[-3.337663,54.376322],[-3.337151,54.376421],[-3.336715,54.376526],[-3.33583,54.377024],[-3.335254,54.377149],[-3.334611,54.377181],[-3.33398,54.377238],[-3.332888,54.376987],[-3.332491,54.376979],[-3.332074,54.377028],[-3.331499,54.377165],[-3.330904,54.377353],[-3.330381,54.377428],[-3.329727,54.377454],[-3.329112,54.377667],[-3.328546,54.377773],[-3.327916,54.377861],[-3.327376,54.378073],[-3.32688,54.378329],[-3.326328,54.378529],[-3.325848,54.378596],[-3.325105,54.378523],[-3.32393,54.37838],[-3.323021,54.378452],[-3.322562,54.378526],[-3.322088,54.378825],[-3.321527,54.379063],[-3.321149,54.379311],[-3.320504,54.379924],[-3.319917,54.380361],[-3.319029,54.380784],[-3.318916,54.380922],[-3.318892,54.381173],[-3.31806,54.381338],[-3.316906,54.381494],[-3.316279,54.381695],[-3.315271,54.382043],[-3.315462,54.382298],[-3.315267,54.382568],[-3.314628,54.383057],[-3.313704,54.383348],[-3.312388,54.383825],[-3.311801,54.383925],[-3.31136,54.383892],[-3.310376,54.383996],[-3.309891,54.384264],[-3.30856,54.385247],[-3.308209,54.385339],[-3.307667,54.385513],[-3.307141,54.385825],[-3.306766,54.386185],[-3.30576,54.386615],[-3.305065,54.387022],[-3.304495,54.387316],[-3.302683,54.388023],[-3.302176,54.388297],[-3.301449,54.388724],[-3.300681,54.388857],[-3.299708,54.388961],[-3.298802,54.388815],[-3.298248,54.388602],[-3.29779,54.388363],[-3.297377,54.388224],[-3.296625,54.388182],[-3.295551,54.388169],[-3.294501,54.387874],[-3.293642,54.387864],[-3.292555,54.388095],[-3.291468,54.387987],[-3.290526,54.388048],[-3.29021,54.388238],[-3.289958,54.388435],[-3.289276,54.38858],[-3.288476,54.388726],[-3.286335,54.388892],[-3.285384,54.389015],[-3.284581,54.38908],[-3.283871,54.389025],[-3.283385,54.388924],[-3.282732,54.388618],[-3.282079,54.388675],[-3.281454,54.388925],[-3.280593,54.389197],[-3.28015,54.389102],[-3.279679,54.389132],[-3.279337,54.389185],[-3.278909,54.389202],[-3.278323,54.389359],[-3.277577,54.389523],[-3.27695,54.389704],[-3.276289,54.389849],[-3.275144,54.390407],[-3.274903,54.39047],[-3.274331,54.390376],[-3.273771,54.3903],[-3.272393,54.390496],[-3.270768,54.390707],[-3.270657,54.390939],[-3.27025,54.390962],[-3.270327,54.391361],[-3.270481,54.391491],[-3.270773,54.391888],[-3.270836,54.392206],[-3.270858,54.392549],[-3.270431,54.392635],[-3.269996,54.392777],[-3.270032,54.392901],[-3.26993,54.39309],[-3.270193,54.393599],[-3.270371,54.393804],[-3.270611,54.393925],[-3.270767,54.394105],[-3.27078,54.39453],[-3.270712,54.394749],[-3.270473,54.39502],[-3.270386,54.395315],[-3.27049,54.395551],[-3.270667,54.395724],[-3.27076,54.395942],[-3.271047,54.39622],[-3.271113,54.396601],[-3.271047,54.396895],[-3.270836,54.397366],[-3.27029,54.397759],[-3.270087,54.398111],[-3.270073,54.398374],[-3.270334,54.399171],[-3.270506,54.3995],[-3.270375,54.399795],[-3.270174,54.399884],[-3.270277,54.400083],[-3.270005,54.400323],[-3.26967,54.400571],[-3.269332,54.400761],[-3.269107,54.40112],[-3.268737,54.401642],[-3.268413,54.402264],[-3.268408,54.402426],[-3.268551,54.40255],[-3.268233,54.403015],[-3.268061,54.403343],[-3.267829,54.403483],[-3.267442,54.403811],[-3.267239,54.404182],[-3.266887,54.404598],[-3.266447,54.404952],[-3.266247,54.405079],[-3.266041,54.405344],[-3.265441,54.406237],[-3.265153,54.406634],[-3.265033,54.406922],[-3.265184,54.407295],[-3.264925,54.407573],[-3.264515,54.407852],[-3.264141,54.408243],[-3.263509,54.408999],[-3.263336,54.409282],[-3.263237,54.409558],[-3.262614,54.41022],[-3.262269,54.411303],[-3.262056,54.411704],[-3.261664,54.412221],[-3.261363,54.412516],[-3.261254,54.412804],[-3.260897,54.413064],[-3.260657,54.413273],[-3.260483,54.413555],[-3.260526,54.413917],[-3.260181,54.414195],[-3.260178,54.414458],[-3.259892,54.414904],[-3.259786,54.415314],[-3.259725,54.415777],[-3.259651,54.416152],[-3.259475,54.416697],[-3.259454,54.417072],[-3.259172,54.417319],[-3.258833,54.417803],[-3.258263,54.418446],[-3.257924,54.418955],[-3.257443,54.419873],[-3.257318,54.420318],[-3.257124,54.420645],[-3.256935,54.421134],[-3.256783,54.421429],[-3.256565,54.421662],[-3.256495,54.422524],[-3.256321,54.422782],[-3.256271,54.423251],[-3.256158,54.423758],[-3.256165,54.423989],[-3.256093,54.424426],[-3.255979,54.424902],[-3.256022,54.425258],[-3.256156,54.425799],[-3.256128,54.426206],[-3.256461,54.426564],[-3.256846,54.426841],[-3.256715,54.427142],[-3.25654,54.427375],[-3.255886,54.427731],[-3.254898,54.42841],[-3.254765,54.428636],[-3.254697,54.429204],[-3.254497,54.429662],[-3.254717,54.430197],[-3.254722,54.430371],[-3.254946,54.430669],[-3.255129,54.431035],[-3.255718,54.431703],[-3.256165,54.432266],[-3.256916,54.432265],[-3.25734,54.432448],[-3.257989,54.432959],[-3.258487,54.433441],[-3.258865,54.43388],[-3.259291,54.434474],[-3.25973,54.435138],[-3.259277,54.435417],[-3.259113,54.43565],[-3.25908,54.435968],[-3.259108,54.436548],[-3.259178,54.437072],[-3.258265,54.437743],[-3.259323,54.438294],[-3.259462,54.43861],[-3.259939,54.43878],[-3.260288,54.43897],[-3.260438,54.439305],[-3.260496,54.439779],[-3.260661,54.440252],[-3.260723,54.440532],[-3.26062,54.441026],[-3.260675,54.441419],[-3.261028,54.441727],[-3.261228,54.441943],[-3.261367,54.442272],[-3.261902,54.442916],[-3.262116,54.443257],[-3.26244,54.443322],[-3.26282,54.443468],[-3.262988,54.443684],[-3.26294,54.443885],[-3.262681,54.444187],[-3.262618,54.444905],[-3.262683,54.445285],[-3.26254,54.445505],[-3.262343,54.445738],[-3.262278,54.446069],[-3.261969,54.446466],[-3.261078,54.447345],[-3.260573,54.447681],[-3.260429,54.447882],[-3.260408,54.448244],[-3.260248,54.448633],[-3.259893,54.449272],[-3.259924,54.44959],[-3.259798,54.450034],[-3.259782,54.450559],[-3.259823,54.450826],[-3.259893,54.451007],[-3.259707,54.451258],[-3.259709,54.451651],[-3.259579,54.451952],[-3.259542,54.452164],[-3.259668,54.452406],[-3.259537,54.452682],[-3.259482,54.453014],[-3.259607,54.453575],[-3.259711,54.45381],[-3.259788,54.454233],[-3.259918,54.454594],[-3.259961,54.454949],[-3.26117,54.455167],[-3.261274,54.455463],[-3.260939,54.455793],[-3.26091,54.456028],[-3.261142,54.456192],[-3.260838,54.456389],[-3.260545,54.456552],[-3.260304,54.456852],[-3.26007,54.456979],[-3.259725,54.457385],[-3.259536,54.457823],[-3.258568,54.458152],[-3.257583,54.458572],[-3.257201,54.459324],[-3.256869,54.459764],[-3.25665,54.460403],[-3.256303,54.460753],[-3.256144,54.461136],[-3.256025,54.461546],[-3.256032,54.461774],[-3.256194,54.462001],[-3.256417,54.462269],[-3.256507,54.462483],[-3.25653,54.46285],[-3.25646,54.463273],[-3.256478,54.463481],[-3.256921,54.46394],[-3.256653,54.464116],[-3.256564,54.464346],[-3.256469,54.464735],[-3.256408,54.465456],[-3.256511,54.465711],[-3.256571,54.466514],[-3.256354,54.46685],[-3.25628,54.467311],[-3.256006,54.46745],[-3.255942,54.467758],[-3.254369,54.467604],[-3.253999,54.467505],[-3.25318,54.467096],[-3.252719,54.467357],[-3.252118,54.467794],[-3.251841,54.467878],[-3.251333,54.468457],[-3.251016,54.468616],[-3.250369,54.469184],[-3.250018,54.469312],[-3.249524,54.469642],[-3.249053,54.470008],[-3.248755,54.470117],[-3.248021,54.470306],[-3.247469,54.470523],[-3.247284,54.470781],[-3.247333,54.470974],[-3.246759,54.471142],[-3.246143,54.471348],[-3.245285,54.471382],[-3.244015,54.471264],[-3.243102,54.471223],[-3.241326,54.471398],[-3.240515,54.47155],[-3.239926,54.471593],[-3.23924,54.471613],[-3.238549,54.471832],[-3.237964,54.471987],[-3.237608,54.472278],[-3.237353,54.47238],[-3.236586,54.472544],[-3.235047,54.472772],[-3.234265,54.472805],[-3.23332,54.472777],[-3.232335,54.472843],[-3.231777,54.472843],[-3.231276,54.472966],[-3.230809,54.473133],[-3.229875,54.473111],[-3.229425,54.473147],[-3.228735,54.473391],[-3.228331,54.473501],[-3.227924,54.473524],[-3.227595,54.473671],[-3.226773,54.473798],[-3.226314,54.473883],[-3.225863,54.473857],[-3.225254,54.473975],[-3.224357,54.474109],[-3.223479,54.47418],[-3.223092,54.474141],[-3.222736,54.474076],[-3.222091,54.474057],[-3.221545,54.474088],[-3.220863,54.474244],[-3.220309,54.474387],[-3.219893,54.474447],[-3.219089,54.474468],[-3.218127,54.474434],[-3.217611,54.474402],[-3.217087,54.474451],[-3.216705,54.474611],[-3.215934,54.474668],[-3.2151,54.47477],[-3.214562,54.474726],[-3.214188,54.474767],[-3.213614,54.474598],[-3.213259,54.474571],[-3.212946,54.474487],[-3.212516,54.474478],[-3.211911,54.474322],[-3.211448,54.474296],[-3.210881,54.474339],[-3.210332,54.474276],[-3.209893,54.474305],[-3.209452,54.474278],[-3.208977,54.474177],[-3.208489,54.474008],[-3.208106,54.474105],[-3.207763,54.47414],[-3.207619,54.474334],[-3.207338,54.474655],[-3.206724,54.474904],[-3.205863,54.474844],[-3.204539,54.474696],[-3.203758,54.474759],[-3.203091,54.47471],[-3.202313,54.474531],[-3.201731,54.474462],[-3.201186,54.474517],[-3.200499,54.474536],[-3.199855,54.474518],[-3.199531,54.47444],[-3.199059,54.474083],[-3.19864,54.473694],[-3.198431,54.473541],[-3.198206,54.473537],[-3.197976,54.473371],[-3.197385,54.472984],[-3.19716,54.472655],[-3.196763,54.472291],[-3.196374,54.472196],[-3.196021,54.471862],[-3.195544,54.471705],[-3.195133,54.471223],[-3.194751,54.471002],[-3.194428,54.470943],[-3.193386,54.470186],[-3.192558,54.469777],[-3.192405,54.469653],[-3.192035,54.469476],[-3.191748,54.469217],[-3.191313,54.468648],[-3.190996,54.468445],[-3.190623,54.467806],[-3.190261,54.467523],[-3.189356,54.467033],[-3.187742,54.466513],[-3.187457,54.466322],[-3.187003,54.466221],[-3.186477,54.466207],[-3.186027,54.466224],[-3.185745,54.466133],[-3.185396,54.465937],[-3.185177,54.465765],[-3.184699,54.465564],[-3.184201,54.465413],[-3.183885,54.465247],[-3.18341,54.465152],[-3.183148,54.465018],[-3.182712,54.464754],[-3.182301,54.464658],[-3.181941,54.464468],[-3.18171,54.464265],[-3.181629,54.464066],[-3.181136,54.464071],[-3.180687,54.46415],[-3.180115,54.464018],[-3.179811,54.463903],[-3.179392,54.463869],[-3.179099,54.463766],[-3.178533,54.46351],[-3.178103,54.463464],[-3.176917,54.463264],[-3.176547,54.463093],[-3.175744,54.462789],[-3.175567,54.462597],[-3.175092,54.462483],[-3.174409,54.462271],[-3.173952,54.462039],[-3.173425,54.462],[-3.172959,54.461824],[-3.172603,54.461778],[-3.171928,54.461797],[-3.171773,54.46163],[-3.171572,54.461357],[-3.171257,54.461236],[-3.170783,54.461172],[-3.17002,54.461135],[-3.169642,54.461039],[-3.169252,54.460918],[-3.168777,54.460823],[-3.168171,54.460642],[-3.167843,54.460439],[-3.167326,54.460351],[-3.166493,54.460109],[-3.166198,54.459931],[-3.165807,54.459773],[-3.16539,54.459827],[-3.164981,54.4598],[-3.163838,54.459954],[-3.16343,54.459964],[-3.163078,54.460017],[-3.162841,54.460007],[-3.162564,54.460066],[-3.162318,54.460087],[-3.162012,54.460277],[-3.160726,54.460708],[-3.15985,54.460847],[-3.159075,54.461141],[-3.158362,54.461367],[-3.157457,54.461587],[-3.156548,54.461708],[-3.155583,54.462104],[-3.15447,54.462221],[-3.154141,54.462336],[-3.15368,54.462372],[-3.15323,54.462376],[-3.152611,54.462513],[-3.152102,54.462711],[-3.151744,54.462958],[-3.151174,54.463281],[-3.150782,54.463485],[-3.149912,54.463824],[-3.149522,54.464089],[-3.149061,54.464468],[-3.148731,54.464868],[-3.148381,54.465028],[-3.147888,54.465038],[-3.147561,54.465235],[-3.147386,54.465498],[-3.146988,54.465851],[-3.146583,54.466329],[-3.146127,54.466895],[-3.145642,54.467592],[-3.145148,54.467977],[-3.144463,54.468401],[-3.143741,54.468682],[-3.143554,54.468915],[-3.14313,54.469093],[-3.141401,54.469428],[-3.140581,54.469629],[-3.14022,54.469782],[-3.139823,54.469773],[-3.139513,54.469807],[-3.139179,54.469779],[-3.138895,54.469595],[-3.138431,54.469512],[-3.138112,54.469203],[-3.137819,54.469094],[-3.137625,54.469058],[-3.137434,54.46916],[-3.137303,54.469061],[-3.137097,54.469001],[-3.136871,54.468953],[-3.136686,54.468861],[-3.136376,54.468527],[-3.136169,54.468405],[-3.135855,54.468333],[-3.13539,54.4682],[-3.135187,54.468233],[-3.135144,54.46862],[-3.135269,54.468868],[-3.135468,54.469047],[-3.135626,54.469326],[-3.135285,54.469429],[-3.135053,54.469563],[-3.134929,54.469738],[-3.134783,54.469889],[-3.134716,54.470177],[-3.13436,54.470879],[-3.134087,54.471118],[-3.133707,54.471709],[-3.133313,54.471831],[-3.132725,54.472292],[-3.132481,54.472394],[-3.132491,54.472756],[-3.132596,54.473054],[-3.13285,54.473301],[-3.133056,54.473393],[-3.133139,54.473666],[-3.133169,54.473971],[-3.133312,54.474113],[-3.133056,54.474165],[-3.133148,54.474376],[-3.13341,54.474555],[-3.133286,54.474724],[-3.133066,54.474895],[-3.133729,54.475213],[-3.134069,54.475484],[-3.134291,54.475756],[-3.134545,54.475991],[-3.134578,54.476414],[-3.134899,54.476386],[-3.135255,54.476445],[-3.135731,54.476971],[-3.13578,54.477257],[-3.135852,54.477506],[-3.135664,54.477701],[-3.135788,54.477918],[-3.13606,54.478052],[-3.135952,54.478428],[-3.135977,54.478546],[-3.136579,54.478964],[-3.136993,54.47921],[-3.137172,54.479463],[-3.137194,54.47985],[-3.137485,54.479916],[-3.137631,54.480139],[-3.13779,54.480461],[-3.138127,54.480988],[-3.138138,54.481406],[-3.138084,54.481774],[-3.13814,54.482222],[-3.138263,54.482433],[-3.138305,54.482775],[-3.138172,54.483014],[-3.137933,54.483296],[-3.137993,54.48352],[-3.138117,54.483737],[-3.138104,54.484024],[-3.138156,54.484354],[-3.138033,54.484555],[-3.137965,54.485578],[-3.137954,54.485952],[-3.138008,54.486344],[-3.138011,54.486855],[-3.137819,54.487281],[-3.137503,54.487477],[-3.137305,54.487703],[-3.137226,54.487947],[-3.136325,54.488812],[-3.136063,54.489045],[-3.135974,54.489295],[-3.135808,54.489503],[-3.135559,54.490184],[-3.135036,54.490314],[-3.134725,54.490697],[-3.134433,54.491011],[-3.133581,54.491624],[-3.133123,54.491728],[-3.133536,54.49193],[-3.133746,54.492146],[-3.133836,54.492276],[-3.133864,54.492537],[-3.133999,54.492754],[-3.133941,54.492979],[-3.133786,54.493186],[-3.133708,54.49348],[-3.133676,54.49386],[-3.133584,54.494128],[-3.133053,54.495112],[-3.132826,54.495426],[-3.132286,54.49606],[-3.131606,54.496714],[-3.131601,54.496914],[-3.131501,54.497177],[-3.131533,54.49762],[-3.131459,54.498038],[-3.13138,54.498294],[-3.131347,54.498637],[-3.131215,54.499118],[-3.130942,54.499725],[-3.130765,54.499901],[-3.130575,54.500427],[-3.13041,54.500652],[-3.130115,54.500867],[-3.129451,54.501173],[-3.128884,54.501602],[-3.128658,54.501965],[-3.128407,54.502198],[-3.127604,54.502654],[-3.126896,54.503101],[-3.12663,54.503552],[-3.126264,54.50391],[-3.126025,54.504187],[-3.125903,54.50445],[-3.125805,54.504768],[-3.125704,54.505018],[-3.12553,54.505294],[-3.125245,54.505465],[-3.124723,54.505632],[-3.124246,54.505811],[-3.124142,54.505949],[-3.124148,54.506167],[-3.124113,54.506466],[-3.124291,54.50667],[-3.124498,54.506787],[-3.124677,54.507059],[-3.124632,54.507184],[-3.124786,54.507326],[-3.125352,54.507595],[-3.125674,54.50761],[-3.126102,54.507563],[-3.126498,54.507547],[-3.126982,54.507561],[-3.127658,54.507567],[-3.128151,54.507556],[-3.128473,54.507566],[-3.128606,54.50772],[-3.128816,54.507924],[-3.128833,54.508154],[-3.128805,54.508317],[-3.128853,54.508484],[-3.129083,54.508663],[-3.129323,54.508804],[-3.129809,54.508924],[-3.130733,54.508959],[-3.131154,54.509067],[-3.131544,54.5092],[-3.131955,54.509309],[-3.132525,54.509335],[-3.133457,54.509295],[-3.134051,54.50942],[-3.134344,54.509511],[-3.134615,54.509639],[-3.134891,54.509886],[-3.135086,54.509971],[-3.135274,54.510181],[-3.13583,54.510475],[-3.136028,54.510648],[-3.136824,54.511095],[-3.137395,54.511195],[-3.137762,54.511279],[-3.138207,54.511462],[-3.13853,54.511509],[-3.138748,54.5116],[-3.138956,54.51176],[-3.139278,54.512143],[-3.139465,54.512316],[-3.139803,54.5125],[-3.139892,54.512617],[-3.139875,54.512779],[-3.140278,54.512993],[-3.140682,54.513251],[-3.140762,54.513406],[-3.140676,54.513781],[-3.140456,54.513976],[-3.140096,54.514154],[-3.139077,54.514537],[-3.138653,54.514728],[-3.139098,54.514917],[-3.13947,54.515175],[-3.140142,54.515798],[-3.140272,54.516214],[-3.14085,54.516551],[-3.141243,54.516803],[-3.141463,54.516975],[-3.142362,54.51805],[-3.142766,54.518694],[-3.142688,54.519045],[-3.142652,54.51932],[-3.142279,54.519411],[-3.14248,54.52005],[-3.142628,54.520348],[-3.142954,54.520519],[-3.143277,54.520547],[-3.143629,54.520475],[-3.143791,54.520511],[-3.143925,54.52069],[-3.14458,54.521114],[-3.144841,54.521211],[-3.14513,54.521208],[-3.145214,54.521519],[-3.145225,54.521899],[-3.145312,54.522321],[-3.145425,54.52252],[-3.145425,54.522918],[-3.145484,54.523105],[-3.145663,54.523364],[-3.145983,54.524233],[-3.146283,54.52461],[-3.147733,54.524291],[-3.147536,54.52415],[-3.147275,54.524003],[-3.14786,54.52367],[-3.149247,54.522985],[-3.149525,54.522957],[-3.149656,54.523031],[-3.150021,54.523027],[-3.150635,54.523121],[-3.151294,54.523252],[-3.151746,54.523322],[-3.152349,54.523397],[-3.152921,54.523504],[-3.153438,54.52358],[-3.154114,54.52358],[-3.154757,54.523555],[-3.154955,54.523722],[-3.155236,54.523787],[-3.155498,54.523959],[-3.156688,54.525038],[-3.156995,54.525265],[-3.157117,54.525413],[-3.157233,54.525717],[-3.157596,54.525658],[-3.157851,54.525942],[-3.158159,54.526213],[-3.15822,54.526468],[-3.158226,54.526661],[-3.157999,54.527005],[-3.15757,54.527371],[-3.157225,54.527704],[-3.157081,54.527917],[-3.157075,54.528098],[-3.157221,54.528314],[-3.157419,54.528493],[-3.1575,54.528679],[-3.158048,54.529103],[-3.158463,54.529348],[-3.158586,54.529534],[-3.158456,54.529847],[-3.158379,54.530159],[-3.158343,54.53042],[-3.158501,54.530687],[-3.158809,54.530933],[-3.159115,54.531123],[-3.159356,54.531326],[-3.15969,54.531348],[-3.160157,54.531175],[-3.160303,54.531398],[-3.160542,54.531508],[-3.160852,54.531474],[-3.161228,54.531476],[-3.161604,54.531504],[-3.161887,54.531638],[-3.16204,54.531736],[-3.161916,54.531906],[-3.161664,54.532095],[-3.161616,54.532301],[-3.161289,54.532484],[-3.161232,54.53274],[-3.161236,54.532883],[-3.161167,54.533108],[-3.161513,54.533192],[-3.161167,54.533114],[-3.161236,54.532883],[-3.161232,54.53274],[-3.161289,54.532484],[-3.161616,54.532301],[-3.161664,54.532095],[-3.161916,54.531906],[-3.16218,54.531772],[-3.162447,54.531701],[-3.162557,54.531451],[-3.163852,54.53094],[-3.164683,54.530733],[-3.164967,54.530544],[-3.165371,54.530384],[-3.165586,54.530046],[-3.165921,54.529756],[-3.166563,54.529314],[-3.166771,54.529088],[-3.166762,54.528777],[-3.166883,54.528489],[-3.16706,54.528301],[-3.167439,54.52806],[-3.167737,54.527958],[-3.167948,54.527844],[-3.168234,54.527716],[-3.168516,54.527427],[-3.168794,54.527026],[-3.168725,54.526865],[-3.168453,54.526743],[-3.16832,54.526576],[-3.168301,54.526315],[-3.168457,54.526114],[-3.168161,54.525918],[-3.16807,54.525719],[-3.168127,54.525469],[-3.168336,54.525274],[-3.168823,54.525052],[-3.169107,54.52485],[-3.169615,54.524241],[-3.169451,54.52413],[-3.169329,54.52397],[-3.169473,54.523763],[-3.169703,54.523549],[-3.169802,54.523261],[-3.1698,54.522832],[-3.169864,54.522046],[-3.169951,54.521734],[-3.169909,54.521367],[-3.170123,54.521004],[-3.17003,54.520376],[-3.169921,54.519941],[-3.170087,54.51936],[-3.170249,54.519034],[-3.170335,54.518672],[-3.170522,54.518453],[-3.170827,54.518225],[-3.171099,54.517967],[-3.171445,54.517715],[-3.171953,54.517455],[-3.172321,54.517193],[-3.172543,54.517091],[-3.173118,54.516936],[-3.17381,54.51673],[-3.174213,54.516583],[-3.174839,54.516309],[-3.175233,54.516231],[-3.175538,54.51601],[-3.175876,54.515826],[-3.176207,54.515773],[-3.176561,54.515763],[-3.177096,54.515714],[-3.177469,54.515605],[-3.177996,54.515288],[-3.178712,54.5152],[-3.180001,54.514876],[-3.181601,54.514537],[-3.182508,54.514366],[-3.182998,54.514237],[-3.183625,54.514019],[-3.184325,54.513738],[-3.185026,54.513488],[-3.185396,54.513297],[-3.185959,54.513111],[-3.186104,54.512935],[-3.186206,54.512741],[-3.186502,54.512601],[-3.186865,54.512517],[-3.187347,54.5125],[-3.187745,54.512515],[-3.188145,54.512635],[-3.188504,54.5128],[-3.188818,54.512896],[-3.189249,54.512967],[-3.189744,54.513024],[-3.190218,54.51307],[-3.191601,54.513043],[-3.192065,54.51312],[-3.192559,54.513146],[-3.192892,54.513143],[-3.193147,54.513072],[-3.193347,54.512914],[-3.193944,54.512809],[-3.194401,54.512642],[-3.194569,54.512503],[-3.194693,54.512353],[-3.195136,54.512105],[-3.195287,54.511755],[-3.195455,54.511616],[-3.195964,54.511406],[-3.196431,54.511252],[-3.196912,54.511185],[-3.197619,54.511146],[-3.198124,54.511179],[-3.198631,54.511249],[-3.199278,54.511361],[-3.199686,54.511357],[-3.200025,54.511235],[-3.200162,54.51114],[-3.20044,54.511106],[-3.201507,54.511251],[-3.201831,54.511329],[-3.20201,54.511595],[-3.202232,54.511823],[-3.202568,54.511945],[-3.203184,54.512107],[-3.203856,54.512318],[-3.204417,54.512418],[-3.205106,54.512517],[-3.206064,54.512645],[-3.207086,54.512753],[-3.207303,54.512807],[-3.207468,54.512955],[-3.207653,54.513059],[-3.207845,54.512995],[-3.207893,54.51282],[-3.208108,54.512843],[-3.208114,54.513042],[-3.208225,54.513147],[-3.208427,54.513082],[-3.20853,54.512932],[-3.208578,54.512757],[-3.20877,54.512724],[-3.208957,54.512878],[-3.209121,54.512976],[-3.209589,54.512847],[-3.210361,54.512465],[-3.210677,54.512263],[-3.211051,54.512209],[-3.211383,54.512181],[-3.211926,54.512051],[-3.21229,54.511991],[-3.21247,54.511933],[-3.212557,54.511615],[-3.212593,54.511365],[-3.212595,54.511066],[-3.212639,54.51076],[-3.21263,54.510455],[-3.220854,54.509862],[-3.222268,54.509785],[-3.223066,54.509945],[-3.223893,54.509968],[-3.224668,54.510048],[-3.225003,54.510107],[-3.225318,54.510228],[-3.225786,54.510099],[-3.226359,54.509875],[-3.22668,54.509853],[-3.227184,54.509848],[-3.227486,54.509888],[-3.228009,54.50979],[-3.228747,54.50972],[-3.229013,54.509661],[-3.229441,54.509619],[-3.229835,54.509522],[-3.230661,54.509501],[-3.23122,54.509527],[-3.232186,54.509542],[-3.232289,54.509391],[-3.232749,54.509355],[-3.232916,54.509185],[-3.233196,54.509226],[-3.233277,54.509412],[-3.23305,54.50972],[-3.232867,54.510077],[-3.232827,54.510507],[-3.232828,54.510887],[-3.233,54.511633],[-3.233149,54.511949],[-3.233307,54.512178],[-3.233624,54.512387],[-3.233978,54.512726],[-3.234673,54.512999],[-3.235203,54.513131],[-3.235648,54.513307],[-3.235962,54.513403],[-3.236187,54.513395],[-3.236422,54.513058],[-3.236853,54.513116],[-3.2372,54.513231],[-3.237716,54.513198],[-3.238087,54.513413],[-3.23929,54.513805],[-3.239615,54.513895],[-3.240179,54.514095],[-3.240655,54.514246],[-3.241058,54.514416],[-3.241248,54.514676],[-3.241508,54.515109],[-3.241752,54.515381],[-3.242699,54.515813],[-3.242885,54.515936],[-3.243133,54.516332],[-3.243715,54.516756],[-3.244023,54.517033],[-3.244289,54.517311],[-3.244435,54.517496],[-3.244677,54.518041],[-3.244675,54.51834],[-3.244887,54.518949],[-3.244894,54.519173],[-3.244675,54.519393],[-3.244573,54.519581],[-3.244528,54.519862],[-3.244514,54.520099],[-3.244552,54.520291],[-3.244694,54.520719],[-3.244594,54.520951],[-3.24446,54.521488],[-3.244295,54.52172],[-3.244032,54.521878],[-3.243825,54.522136],[-3.243874,54.522341],[-3.24402,54.522526],[-3.244152,54.522656],[-3.244171,54.522917],[-3.244148,54.523222],[-3.244668,54.523373],[-3.245261,54.523485],[-3.245532,54.523557],[-3.24589,54.523697],[-3.246118,54.523769],[-3.246476,54.523915],[-3.247222,54.523733],[-3.248325,54.523659],[-3.24873,54.52358],[-3.249144,54.523401],[-3.25017,54.522924],[-3.251209,54.522521],[-3.251849,54.522383],[-3.252751,54.522081],[-3.253474,54.521856],[-3.254237,54.521555],[-3.254533,54.521758],[-3.255483,54.522271],[-3.255842,54.522448],[-3.256193,54.522699],[-3.256664,54.522981],[-3.257484,54.523502],[-3.257924,54.523828],[-3.259423,54.524759],[-3.259818,54.525041],[-3.260203,54.525348],[-3.260988,54.525739],[-3.261818,54.526229],[-3.262158,54.526455],[-3.262576,54.526787],[-3.263125,54.527174],[-3.263564,54.527506],[-3.263816,54.527659],[-3.26408,54.527893],[-3.264441,54.528101],[-3.26511,54.528579],[-3.265931,54.529087],[-3.266578,54.529517],[-3.267096,54.529617],[-3.267379,54.529751],[-3.267781,54.529915],[-3.268871,54.529941],[-3.269343,54.53011],[-3.269504,54.530302],[-3.269685,54.53058],[-3.270058,54.530844],[-3.27044,54.531039],[-3.270918,54.531239],[-3.271441,54.531489],[-3.271961,54.531652],[-3.272439,54.531827],[-3.273143,54.532044],[-3.273589,54.532251],[-3.274091,54.53252],[-3.274538,54.532733],[-3.274798,54.532799],[-3.275205,54.532795],[-3.275701,54.532877],[-3.276168,54.533046],[-3.276606,54.533315],[-3.276977,54.533511],[-3.277327,54.533743],[-3.278285,54.534169],[-3.278827,54.534332],[-3.279186,54.534502],[-3.279406,54.534674],[-3.279873,54.534856],[-3.280102,54.534972],[-3.280227,54.535176],[-3.280301,54.535486],[-3.280026,54.535608],[-3.279817,54.535467],[-3.279601,54.5354],[-3.279335,54.535484],[-3.279008,54.535674],[-3.27882,54.535813],[-3.278535,54.535972],[-3.278185,54.536107],[-3.278783,54.53738],[-3.279091,54.537962],[-3.279043,54.538149],[-3.278702,54.538564],[-3.278473,54.538797],[-3.278222,54.539011],[-3.277918,54.539387],[-3.277714,54.539719],[-3.277885,54.539874],[-3.278136,54.540033],[-3.278502,54.540215],[-3.278744,54.540393],[-3.278201,54.540529],[-3.277702,54.540715],[-3.277346,54.540968],[-3.277039,54.541108],[-3.276627,54.541318],[-3.277335,54.540967],[-3.277703,54.540714],[-3.278148,54.540535],[-3.278733,54.540385],[-3.278459,54.540195],[-3.27811,54.540031],[-3.277725,54.539718],[-3.27801,54.539571],[-3.278349,54.539437],[-3.279326,54.539122],[-3.280947,54.538793],[-3.282162,54.538531],[-3.285166,54.537821],[-3.285826,54.537652],[-3.286285,54.537579],[-3.286628,54.537581],[-3.286899,54.537653],[-3.287312,54.537811],[-3.287549,54.537509],[-3.287882,54.537524],[-3.288197,54.537658],[-3.288364,54.537831],[-3.288478,54.538053],[-3.288806,54.538237],[-3.289261,54.538363],[-3.289854,54.538481],[-3.290299,54.538638],[-3.290562,54.538784],[-3.290949,54.53916],[-3.291119,54.539432],[-3.291264,54.539611],[-3.291547,54.539758],[-3.291841,54.539885],[-3.292198,54.539968],[-3.292865,54.540017],[-3.293721,54.540295],[-3.293995,54.54046],[-3.294262,54.540768],[-3.294466,54.54109],[-3.29469,54.541386],[-3.295338,54.541852],[-3.295483,54.54205],[-3.295628,54.542198],[-3.295754,54.542445],[-3.296169,54.542684],[-3.296603,54.542841],[-3.29744,54.543187],[-3.297936,54.543237],[-3.298357,54.543314],[-3.298704,54.543447],[-3.29888,54.543563],[-3.29895,54.543749],[-3.299309,54.543914],[-3.299455,54.544093],[-3.299535,54.544247],[-3.299755,54.544444],[-3.300191,54.544657],[-3.300561,54.544797],[-3.300841,54.544831],[-3.301195,54.544827],[-3.301541,54.544911],[-3.302499,54.545355],[-3.302847,54.545494],[-3.303167,54.545765],[-3.303948,54.546024],[-3.304136,54.546196],[-3.304286,54.54653],[-3.304584,54.54677],[-3.304818,54.547066],[-3.305174,54.547442],[-3.305899,54.548623],[-3.306102,54.549268],[-3.306099,54.549523],[-3.306064,54.549766],[-3.306136,54.54999],[-3.306141,54.550158],[-3.306192,54.550406],[-3.306184,54.550836],[-3.306087,54.551478],[-3.305914,54.551791],[-3.305935,54.552095],[-3.306029,54.552343],[-3.305843,54.552576],[-3.305411,54.552811],[-3.304865,54.552873],[-3.305658,54.552827],[-3.306565,54.552991],[-3.306944,54.553099],[-3.307283,54.553294],[-3.307529,54.553609],[-3.307658,54.553969],[-3.307679,54.554597],[-3.307909,54.554756],[-3.308097,54.55491],[-3.308242,54.555083],[-3.308443,54.555684],[-3.308557,54.556199],[-3.30867,54.556397],[-3.308732,54.556658],[-3.309153,54.557058],[-3.30914,54.557319],[-3.309356,54.55769],[-3.309539,54.558055],[-3.309901,54.558636],[-3.310064,54.559027],[-3.310388,54.559421],[-3.310676,54.559692],[-3.310865,54.559908],[-3.311052,54.560049],[-3.311147,54.560328],[-3.311243,54.560968],[-3.311685,54.561367],[-3.312126,54.561723],[-3.312823,54.562052],[-3.313216,54.562253],[-3.313418,54.562543],[-3.313492,54.562841],[-3.313685,54.563144],[-3.31396,54.563371],[-3.314311,54.563591],[-3.314442,54.563822],[-3.314928,54.564246],[-3.31535,54.564335],[-3.315823,54.564697],[-3.316497,54.565305],[-3.316635,54.565584],[-3.316844,54.566085],[-3.317142,54.567003],[-3.317381,54.567405],[-3.317681,54.567737],[-3.317747,54.56811],[-3.317586,54.568435],[-3.317345,54.568631],[-3.316799,54.568979],[-3.316365,54.569176],[-3.315949,54.569243],[-3.315283,54.569232],[-3.314748,54.569287],[-3.314185,54.569461],[-3.31388,54.569658],[-3.313769,54.569858],[-3.313854,54.57018],[-3.31396,54.570452],[-3.314249,54.570772],[-3.314965,54.571336],[-3.314851,54.571798],[-3.314883,54.572102],[-3.314786,54.572421],[-3.314609,54.572591],[-3.314198,54.572687],[-3.313846,54.572746],[-3.31379,54.573002],[-3.313883,54.573219],[-3.314095,54.57349],[-3.314182,54.573838],[-3.31425,54.574633],[-3.314489,54.575047],[-3.314714,54.575349],[-3.314761,54.575492],[-3.314509,54.575644],[-3.314374,54.575788],[-3.313777,54.575913],[-3.313416,54.575917],[-3.313555,54.576245],[-3.313781,54.576578],[-3.313833,54.57687],[-3.314066,54.57711],[-3.313845,54.57756],[-3.313477,54.577135],[-3.312805,54.576918],[-3.312106,54.576665],[-3.311775,54.576395],[-3.311462,54.576013],[-3.311085,54.575619],[-3.310669,54.575362],[-3.310168,54.575138],[-3.309591,54.574901],[-3.309068,54.574652],[-3.308493,54.57444],[-3.30795,54.57426],[-3.307546,54.574022],[-3.307177,54.573895],[-3.306911,54.573979],[-3.306843,54.574185],[-3.306946,54.574401],[-3.307036,54.574525],[-3.305965,54.57527],[-3.305739,54.575248],[-3.305465,54.57507],[-3.305199,54.575111],[-3.303856,54.575728],[-3.303391,54.575957],[-3.303375,54.576138],[-3.302777,54.576238],[-3.299685,54.576849],[-3.299209,54.577054],[-3.298676,54.577184],[-3.298362,54.577576],[-3.298455,54.577799],[-3.29788,54.577948],[-3.297489,54.577803],[-3.296861,54.577623],[-3.29656,54.57757],[-3.29638,54.57752],[-3.29618,54.57753],[-3.29551,54.57765],[-3.29474,54.57729],[-3.294406,54.577357],[-3.294056,54.577486],[-3.293606,54.577503],[-3.292825,54.577909],[-3.292156,54.578134],[-3.291674,54.578177],[-3.291143,54.578357],[-3.29042,54.578545],[-3.28962,54.578709],[-3.289031,54.57874],[-3.287668,54.578729],[-3.287305,54.578783],[-3.286599,54.578859],[-3.285592,54.578907],[-3.285304,54.578979],[-3.284805,54.579475],[-3.284512,54.579708],[-3.284211,54.580035],[-3.283855,54.580331],[-3.283628,54.580601],[-3.283345,54.580822],[-3.283096,54.581092],[-3.282505,54.581305],[-3.282158,54.581514],[-3.281433,54.581677],[-3.281254,54.581773],[-3.280698,54.581853],[-3.280004,54.582283],[-3.279523,54.582357],[-3.279086,54.582455],[-3.278725,54.582558],[-3.278128,54.582689],[-3.27743,54.58269],[-3.276643,54.582818],[-3.276279,54.582847],[-3.274763,54.582732],[-3.274034,54.582771],[-3.273467,54.582821],[-3.272685,54.582872],[-3.272039,54.58278],[-3.27133,54.582762],[-3.270768,54.582638],[-3.270291,54.582506],[-3.269688,54.582419],[-3.269053,54.58237],[-3.268426,54.582208],[-3.267811,54.582122],[-3.267142,54.581998],[-3.266471,54.581812],[-3.265985,54.581705],[-3.265479,54.581667],[-3.264618,54.581571],[-3.263997,54.581291],[-3.26353,54.581122],[-3.262149,54.58085],[-3.261703,54.580675],[-3.261234,54.580424],[-3.26079,54.580286],[-3.260347,54.580197],[-3.259459,54.579945],[-3.259008,54.579925],[-3.258638,54.579767],[-3.258316,54.579746],[-3.257937,54.57965],[-3.257525,54.579512],[-3.257049,54.579392],[-3.256751,54.579115],[-3.255824,54.579007],[-3.255136,54.578964],[-3.254351,54.579227],[-3.253971,54.579804],[-3.253763,54.580005],[-3.253477,54.580138],[-3.253135,54.580185],[-3.252956,54.579938],[-3.252694,54.579792],[-3.252479,54.579763],[-3.25231,54.579871],[-3.252028,54.579755],[-3.251751,54.579839],[-3.251652,54.579747],[-3.251394,54.579749],[-3.251304,54.579601],[-3.251004,54.579611],[-3.250721,54.579508],[-3.250197,54.57955],[-3.249532,54.579557],[-3.248773,54.579646],[-3.248037,54.579797],[-3.247619,54.579813],[-3.247005,54.579733],[-3.246519,54.579651],[-3.246033,54.579538],[-3.245612,54.579461],[-3.244713,54.57952],[-3.24409,54.579502],[-3.243589,54.579637],[-3.242655,54.579952],[-3.242356,54.579998],[-3.241358,54.579996],[-3.240685,54.580109],[-3.240354,54.580181],[-3.239461,54.580451],[-3.238765,54.580477],[-3.23797,54.580795],[-3.237384,54.580963],[-3.23696,54.581116],[-3.236644,54.581312],[-3.236405,54.581564],[-3.23607,54.581859],[-3.235716,54.582211],[-3.2355,54.582512],[-3.235346,54.582737],[-3.235292,54.583086],[-3.235269,54.583385],[-3.235384,54.583645],[-3.23552,54.58388],[-3.235573,54.58419],[-3.235507,54.584483],[-3.235686,54.584724],[-3.235701,54.584892],[-3.235538,54.585173],[-3.235266,54.585381],[-3.234939,54.585584],[-3.234603,54.585817],[-3.234255,54.586026],[-3.233938,54.586172],[-3.233035,54.586473],[-3.232602,54.586708],[-3.232276,54.586923],[-3.231949,54.587106],[-3.231017,54.587526],[-3.230236,54.587957],[-3.229741,54.58826],[-3.229233,54.588496],[-3.228886,54.588729],[-3.228601,54.588875],[-3.228217,54.588972],[-3.22789,54.589144],[-3.227509,54.589309],[-3.227126,54.589444],[-3.226594,54.589592],[-3.226329,54.589688],[-3.226139,54.589783],[-3.22568,54.589869],[-3.225307,54.589953],[-3.224435,54.590205],[-3.223391,54.590553],[-3.222933,54.590669],[-3.222636,54.59079],[-3.222319,54.590943],[-3.221868,54.590997],[-3.219907,54.591421],[-3.219352,54.591551],[-3.218289,54.591866],[-3.217675,54.592158],[-3.217015,54.592333],[-3.216452,54.592513],[-3.215741,54.592769],[-3.214965,54.593019],[-3.213999,54.593377],[-3.213277,54.593627],[-3.212588,54.593901],[-3.210658,54.594691],[-3.208317,54.595703],[-3.207998,54.595799],[-3.207651,54.596033],[-3.206382,54.596667],[-3.205747,54.596966],[-3.205304,54.597219],[-3.204979,54.597465],[-3.204696,54.59771],[-3.204392,54.597924],[-3.203431,54.598456],[-3.202433,54.598892],[-3.201573,54.599205],[-3.201048,54.599565],[-3.200311,54.599709],[-3.199622,54.599995],[-3.198892,54.600344],[-3.198355,54.600685],[-3.197906,54.601106],[-3.197672,54.601525],[-3.197526,54.60203],[-3.19752,54.602552],[-3.197581,54.603185],[-3.197211,54.602642],[-3.196776,54.602081],[-3.196391,54.601819],[-3.196014,54.601752],[-3.195607,54.601787],[-3.194969,54.601961],[-3.194478,54.602066],[-3.193963,54.602071],[-3.193522,54.602038],[-3.193177,54.601973],[-3.193313,54.601835],[-3.192923,54.601727],[-3.192655,54.601369],[-3.192324,54.601416],[-3.19124,54.601408],[-3.191277,54.60157],[-3.190529,54.601677],[-3.190304,54.601685],[-3.189765,54.601604],[-3.189463,54.601526],[-3.189253,54.601316],[-3.189035,54.601219],[-3.188123,54.601222],[-3.18762,54.601277],[-3.187149,54.601306],[-3.186795,54.60131],[-3.186344,54.601295],[-3.186031,54.601236],[-3.185812,54.601071],[-3.185527,54.600887],[-3.185181,54.600785],[-3.184806,54.600813],[-3.184392,54.600954],[-3.184082,54.601013],[-3.183737,54.600942],[-3.183448,54.600621],[-3.183111,54.600445],[-3.182815,54.600255],[-3.182507,54.599997],[-3.182825,54.599851],[-3.182638,54.599678],[-3.182677,54.599547],[-3.18293,54.599396],[-3.183129,54.599251],[-3.183219,54.599001],[-3.183048,54.598661],[-3.182547,54.598122],[-3.181973,54.597568],[-3.181334,54.596984],[-3.181098,54.596632],[-3.18071,54.596567],[-3.180385,54.596471],[-3.179997,54.5964],[-3.179706,54.596372],[-3.179477,54.596225],[-3.178701,54.595387],[-3.178368,54.594992],[-3.178114,54.594752],[-3.177818,54.594531],[-3.177298,54.594729],[-3.176753,54.594822],[-3.175727,54.594937],[-3.175419,54.595058],[-3.175038,54.595242],[-3.174521,54.595527],[-3.174084,54.595637],[-3.173701,54.595759],[-3.173289,54.595968],[-3.172793,54.596259],[-3.172316,54.596463],[-3.171877,54.596504],[-3.171676,54.596618],[-3.171316,54.596771],[-3.170686,54.59687],[-3.170054,54.596901],[-3.169632,54.596793],[-3.169395,54.596752],[-3.169329,54.597079],[-3.16913,54.597224],[-3.167996,54.598485],[-3.167401,54.598695],[-3.166308,54.599116],[-3.165986,54.59948],[-3.165492,54.599845],[-3.165231,54.600078],[-3.163938,54.600656],[-3.163772,54.60085],[-3.163712,54.601012],[-3.163178,54.601471],[-3.162852,54.601692],[-3.162642,54.601868],[-3.162104,54.602171],[-3.161788,54.602019],[-3.16143,54.601873],[-3.160891,54.601785],[-3.160738,54.602054],[-3.160681,54.602322],[-3.160751,54.60252],[-3.159718,54.603164],[-3.158758,54.603733],[-3.158474,54.603568],[-3.158137,54.603434],[-3.157761,54.603394],[-3.157219,54.603231],[-3.157041,54.603364],[-3.156895,54.603906],[-3.156367,54.604178],[-3.155848,54.604425],[-3.155203,54.604767],[-3.154591,54.604736],[-3.15059,54.604426],[-3.148139,54.604257],[-3.147253,54.60406],[-3.145851,54.603781],[-3.143553,54.603349],[-3.143378,54.603239],[-3.14292,54.603368],[-3.142635,54.603538],[-3.141879,54.602992],[-3.140452,54.602216],[-3.139724,54.601894],[-3.138641,54.601525],[-3.138248,54.601305],[-3.137373,54.600729],[-3.136859,54.600367],[-3.136693,54.60017],[-3.13686,54.600037],[-3.136808,54.599684],[-3.136561,54.599294],[-3.137463,54.59895],[-3.137416,54.598802],[-3.137562,54.598639],[-3.137902,54.598517],[-3.138415,54.598469],[-3.138636,54.598318],[-3.138956,54.597457],[-3.138951,54.597277],[-3.138779,54.596918],[-3.138754,54.596756],[-3.138887,54.596544],[-3.139253,54.596204],[-3.139471,54.595948],[-3.139925,54.595309],[-3.14011,54.595015],[-3.140124,54.594754],[-3.140339,54.594385],[-3.140396,54.594117],[-3.140485,54.593458],[-3.140491,54.592904],[-3.140603,54.592692],[-3.140809,54.592379],[-3.140733,54.591963],[-3.14088,54.591483],[-3.141053,54.591127],[-3.141096,54.590754],[-3.140964,54.590276],[-3.140938,54.590102],[-3.140657,54.590416],[-3.140275,54.59055],[-3.139929,54.590485],[-3.139507,54.590358],[-3.139083,54.590138],[-3.138957,54.589866],[-3.138713,54.589576],[-3.138387,54.589424],[-3.137885,54.589516],[-3.137438,54.58965],[-3.137075,54.589704],[-3.136634,54.589689],[-3.136445,54.589455],[-3.136059,54.589464],[-3.135302,54.589639],[-3.134941,54.58978],[-3.134046,54.589981],[-3.133422,54.589937],[-3.133085,54.589393],[-3.132605,54.588726],[-3.132543,54.588447],[-3.132672,54.588072],[-3.133262,54.588067],[-3.133831,54.587682],[-3.133995,54.587388],[-3.134083,54.587089],[-3.134033,54.586828],[-3.134027,54.586636],[-3.134184,54.586473],[-3.134502,54.586339],[-3.134845,54.586348],[-3.135335,54.586207],[-3.135544,54.586012],[-3.135535,54.585689],[-3.135601,54.584978],[-3.135429,54.5846],[-3.135479,54.584444],[-3.135644,54.584231],[-3.135645,54.583852],[-3.13542,54.583487],[-3.135141,54.583508],[-3.134761,54.583705],[-3.134548,54.583781],[-3.134088,54.58381],[-3.133593,54.583765],[-3.133159,54.583602],[-3.132712,54.583351],[-3.131654,54.58351],[-3.13145,54.583487],[-3.131434,54.583332],[-3.131206,54.583203],[-3.130819,54.582417],[-3.130683,54.582182],[-3.130468,54.582165],[-3.130097,54.582299],[-3.129883,54.582724],[-3.129742,54.583055],[-3.129754,54.58349],[-3.129509,54.583542],[-3.129234,54.583303],[-3.128835,54.58325],[-3.128596,54.583141],[-3.128324,54.582988],[-3.128071,54.58317],[-3.127114,54.583459],[-3.126584,54.583694],[-3.126144,54.583692],[-3.125728,54.583796],[-3.125169,54.584136],[-3.124733,54.584271],[-3.124178,54.584401],[-3.123819,54.584584],[-3.123578,54.584823],[-3.123308,54.58513],[-3.122883,54.585669],[-3.12229,54.585948],[-3.120969,54.586681],[-3.120445,54.587153],[-3.120053,54.58733],[-3.119361,54.587523],[-3.118981,54.587738],[-3.118461,54.587942],[-3.118197,54.5881],[-3.117569,54.588305],[-3.117115,54.588551],[-3.116749,54.588903],[-3.116307,54.589212],[-3.116,54.589376],[-3.115909,54.589576],[-3.116023,54.58983],[-3.115917,54.59026],[-3.115679,54.590573],[-3.11532,54.591179],[-3.115205,54.591286],[-3.114759,54.591054],[-3.114259,54.590816],[-3.113784,54.590727],[-3.11316,54.590652],[-3.112534,54.59054],[-3.111975,54.590483],[-3.111693,54.590398],[-3.111292,54.59062],[-3.111621,54.590896],[-3.111171,54.590931],[-3.110444,54.591013],[-3.108946,54.591157],[-3.108626,54.591241],[-3.107608,54.591275],[-3.106673,54.591246],[-3.106347,54.591088],[-3.106154,54.59109],[-3.106149,54.591313],[-3.106006,54.59157],[-3.105702,54.591809],[-3.105447,54.592308],[-3.105469,54.592706],[-3.105564,54.593066],[-3.105799,54.593405],[-3.105571,54.593712],[-3.105192,54.593989],[-3.104307,54.594594],[-3.104066,54.594789],[-3.103001,54.594301],[-3.102162,54.593849],[-3.101747,54.593548],[-3.101274,54.593136],[-3.100878,54.592767],[-3.100601,54.59244],[-3.1003,54.59243],[-3.099868,54.592316],[-3.098719,54.591891],[-3.098147,54.591778],[-3.097052,54.591769],[-3.096381,54.591558],[-3.095643,54.591229],[-3.095175,54.590991],[-3.094754,54.590889],[-3.094352,54.590706],[-3.09384,54.590443],[-3.093297,54.590199],[-3.092209,54.590421],[-3.091627,54.590358],[-3.090701,54.590204],[-3.090251,54.590239],[-3.08958,54.590413],[-3.089271,54.590516],[-3.087469,54.590551],[-3.086029,54.590868],[-3.085483,54.590892],[-3.085075,54.590896],[-3.084483,54.590839],[-3.084046,54.590917],[-3.083726,54.591013],[-3.083319,54.591017],[-3.082987,54.591063],[-3.0828,54.590897],[-3.082676,54.591048],[-3.082474,54.591136],[-3.082324,54.590727],[-3.082136,54.590916],[-3.081793,54.591348],[-3.081353,54.591358],[-3.08077,54.591618],[-3.079919,54.591893],[-3.079394,54.591935],[-3.077935,54.591942],[-3.077112,54.592055],[-3.076653,54.592158],[-3.074783,54.592828],[-3.073659,54.593002],[-3.073373,54.593181],[-3.073298,54.593381],[-3.072882,54.593646],[-3.072411,54.593865],[-3.072026,54.593799],[-3.071523,54.593811],[-3.071023,54.593931],[-3.070073,54.594023],[-3.069297,54.594245],[-3.06932,54.594582],[-3.069078,54.59496],[-3.068882,54.595061],[-3.068512,54.595072],[-3.067783,54.595033],[-3.06723,54.595153],[-3.066839,54.595386],[-3.066712,54.595587],[-3.06664,54.595871],[-3.066715,54.596208],[-3.066734,54.596422],[-3.066604,54.597497],[-3.066516,54.59769],[-3.066233,54.597999],[-3.065467,54.598075],[-3.065125,54.598154],[-3.064438,54.598191],[-3.063849,54.598434],[-3.063525,54.598705],[-3.062698,54.59895],[-3.061933,54.59908],[-3.061473,54.599206],[-3.060971,54.599219],[-3.060465,54.599108],[-3.060299,54.598327],[-3.059256,54.598429],[-3.058824,54.598624],[-3.058617,54.598787],[-3.058445,54.598811],[-3.05797,54.598355],[-3.057149,54.598355],[-3.056582,54.598429],[-3.056042,54.598518],[-3.055503,54.598661],[-3.054902,54.598973],[-3.054789,54.599188],[-3.054428,54.600066],[-3.054372,54.60045],[-3.05417,54.600819],[-3.053623,54.601683],[-3.051904,54.602257],[-3.051405,54.602407],[-3.050602,54.602568],[-3.050076,54.602695],[-3.049606,54.602937],[-3.049268,54.60317],[-3.049165,54.603286],[-3.048623,54.603321],[-3.048267,54.60337],[-3.047928,54.603565],[-3.046557,54.603791],[-3.045556,54.603969],[-3.045082,54.604073],[-3.044808,54.604213],[-3.044255,54.604333],[-3.043533,54.604554],[-3.042629,54.604922],[-3.042033,54.604904],[-3.040507,54.604779],[-3.038874,54.604571],[-3.038368,54.604468],[-3.037647,54.604221],[-3.036483,54.603748],[-3.035575,54.603419],[-3.034973,54.603171],[-3.034141,54.602733],[-3.033556,54.602616],[-3.032395,54.602787],[-3.031986,54.602821],[-3.031363,54.602803],[-3.030408,54.602727],[-3.029653,54.602687],[-3.0269,54.602696],[-3.025354,54.602785],[-3.024348,54.602809],[-3.023767,54.60286],[-3.023144,54.602819],[-3.022612,54.602717],[-3.021129,54.602147],[-3.020871,54.601919],[-3.020664,54.601568],[-3.020447,54.601386],[-3.018955,54.600984],[-3.01854,54.600811],[-3.018137,54.600577],[-3.017854,54.600349],[-3.017335,54.600341],[-3.016473,54.60023],[-3.016126,54.600072],[-3.015351,54.599954],[-3.014425,54.599831],[-3.013363,54.599852],[-3.012963,54.599738],[-3.012168,54.599688],[-3.011553,54.599569],[-3.011326,54.59949],[-3.011181,54.599268],[-3.010904,54.59891],[-3.010754,54.598494],[-3.010556,54.597874],[-3.010604,54.597644],[-3.010616,54.597296],[-3.010319,54.596988],[-3.008948,54.595781],[-3.008525,54.59561],[-3.008104,54.595502],[-3.007608,54.595413],[-3.006495,54.59508],[-3.005263,54.594755],[-3.00494,54.594714],[-3.004533,54.59473],[-3.004202,54.594801],[-3.003806,54.594854],[-3.002551,54.594871],[-3.002231,54.594917],[-3.001624,54.595083],[-3.000847,54.595345],[-2.999656,54.595802],[-2.998997,54.596031],[-2.99862,54.595985],[-2.998276,54.595963],[-2.997901,54.595966],[-2.997515,54.596013],[-2.997258,54.596002],[-2.996955,54.595924],[-2.996578,54.595853],[-2.996245,54.595837],[-2.995602,54.595854],[-2.994862,54.595892],[-2.994368,54.595871],[-2.993109,54.595732],[-2.992388,54.595638],[-2.991829,54.595587],[-2.99143,54.595503],[-2.99104,54.595339],[-2.990789,54.595185],[-2.990184,54.594569],[-2.989966,54.594434],[-2.989482,54.5944],[-2.988881,54.594374],[-2.98827,54.594423],[-2.987777,54.594433],[-2.987004,54.594402],[-2.986662,54.594479],[-2.98633,54.594482],[-2.985803,54.594455],[-2.985267,54.594472],[-2.983918,54.594595],[-2.983158,54.594676],[-2.982645,54.594755],[-2.982034,54.594747],[-2.981713,54.594787],[-2.981255,54.59494],[-2.980752,54.594994],[-2.980421,54.595065],[-2.980111,54.595167],[-2.979844,54.595219],[-2.979376,54.595359],[-2.97881,54.595494],[-2.977837,54.595608],[-2.976702,54.595723],[-2.974901,54.595775],[-2.973678,54.595778],[-2.9722,54.595455],[-2.971245,54.594567],[-2.970851,54.594247],[-2.970746,54.593465],[-2.970284,54.592076],[-2.970475,54.591546],[-2.970648,54.59114],[-2.970929,54.590784],[-2.970892,54.590604],[-2.970337,54.590521],[-2.969893,54.59051],[-2.968846,54.590298],[-2.968207,54.590111],[-2.967429,54.589971],[-2.965922,54.5896],[-2.965709,54.589712],[-2.965359,54.58995],[-2.964954,54.590005],[-2.964045,54.589696],[-2.963113,54.589476],[-2.962843,54.589331],[-2.962325,54.588908],[-2.96157,54.588656],[-2.961303,54.588629],[-2.960723,54.58881],[-2.958814,54.589157],[-2.957203,54.589243],[-2.955654,54.589255],[-2.954867,54.589254],[-2.954598,54.589124],[-2.954113,54.589039],[-2.953388,54.588986],[-2.95157,54.588898],[-2.950503,54.588877],[-2.949869,54.588896],[-2.949601,54.588854],[-2.948834,54.58864],[-2.948321,54.588945],[-2.948011,54.589272],[-2.947458,54.589533],[-2.946754,54.589789],[-2.945089,54.590295],[-2.944828,54.590503],[-2.94473,54.59068],[-2.9441,54.590891],[-2.943548,54.591168],[-2.942801,54.591792],[-2.942018,54.591989],[-2.941344,54.592473],[-2.94087,54.592874],[-2.940002,54.593204],[-2.939299,54.59357],[-2.939366,54.593165],[-2.939483,54.592708],[-2.939847,54.591984],[-2.939921,54.591343],[-2.940128,54.590429],[-2.940287,54.590178],[-2.94061,54.589859],[-2.940677,54.589439],[-2.940627,54.588939],[-2.940673,54.588174],[-2.940758,54.587496],[-2.940848,54.586966],[-2.940814,54.58662],[-2.940936,54.586413],[-2.94094,54.58608],[-2.9406,54.58619],[-2.94069,54.58615],[-2.94051,54.58614],[-2.9404,54.58608],[-2.940092,54.586111],[-2.939758,54.586039],[-2.938672,54.586383],[-2.938076,54.586593],[-2.937569,54.586485],[-2.936978,54.586459],[-2.936583,54.586524],[-2.936153,54.58649],[-2.935656,54.586376],[-2.935235,54.586248],[-2.934659,54.586408],[-2.934439,54.586609],[-2.934001,54.586712],[-2.933602,54.586628],[-2.933268,54.586581],[-2.93304,54.58644],[-2.932908,54.586292],[-2.93233,54.585923],[-2.93176,54.585834],[-2.931543,54.585749],[-2.931452,54.585526],[-2.931376,54.585226],[-2.931117,54.584693],[-2.930727,54.584056],[-2.930033,54.582805],[-2.929833,54.582502],[-2.929658,54.582367],[-2.929653,54.582149],[-2.929615,54.581913],[-2.929811,54.581557],[-2.929722,54.581396],[-2.929682,54.581092],[-2.929567,54.580744],[-2.92939,54.580516],[-2.929328,54.580155],[-2.929052,54.579784],[-2.928962,54.579592],[-2.929176,54.579118],[-2.929647,54.578912],[-2.929888,54.578649],[-2.92998,54.577995],[-2.930166,54.57767],[-2.930216,54.57749],[-2.930122,54.577173],[-2.930215,54.577011],[-2.930662,54.576858],[-2.930295,54.576743],[-2.930286,54.576594],[-2.930348,54.576469],[-2.930561,54.57643],[-2.930873,54.576465],[-2.93102,54.576314],[-2.931466,54.576093],[-2.931635,54.575974],[-2.932016,54.576226],[-2.932235,54.576429],[-2.932917,54.576194],[-2.933739,54.576007],[-2.933872,54.576199],[-2.934105,54.576085],[-2.934415,54.57604],[-2.934862,54.575881],[-2.935436,54.575615],[-2.93588,54.575357],[-2.936253,54.575236],[-2.937447,54.574891],[-2.938421,54.574802],[-2.939553,54.574582],[-2.939951,54.574591],[-2.940283,54.574576],[-2.940407,54.574364],[-2.940693,54.574231],[-2.941261,54.574202],[-2.942086,54.574127],[-2.942937,54.573828],[-2.943415,54.573607],[-2.944468,54.573176],[-2.945085,54.572972],[-2.945501,54.57285],[-2.946276,54.572521],[-2.946915,54.572317],[-2.947961,54.572072],[-2.94923,54.571739],[-2.949769,54.57141],[-2.949969,54.571265],[-2.950426,54.571081],[-2.950583,54.5709],[-2.951082,54.570703],[-2.951305,54.570577],[-2.951462,54.570408],[-2.951685,54.570331],[-2.951831,54.570119],[-2.952158,54.56993],[-2.952228,54.569718],[-2.952606,54.569342],[-2.95294,54.568935],[-2.953267,54.568721],[-2.953807,54.568418],[-2.95438,54.568128],[-2.954666,54.567957],[-2.955098,54.567618],[-2.955638,54.567309],[-2.956552,54.566935],[-2.958006,54.566252],[-2.958295,54.5662],[-2.958437,54.566317],[-2.958474,54.56654],[-2.958916,54.566612],[-2.959279,54.566522],[-2.959845,54.566436],[-2.960238,54.566253],[-2.961097,54.56581],[-2.961886,54.565593],[-2.962336,54.565595],[-2.963349,54.564878],[-2.96373,54.564651],[-2.964061,54.564568],[-2.964951,54.564561],[-2.967735,54.564296],[-2.968087,54.564237],[-2.968449,54.56411],[-2.968965,54.564131],[-2.969595,54.564014],[-2.969851,54.563925],[-2.970171,54.563866],[-2.970643,54.563862],[-2.971092,54.563784],[-2.972045,54.563727],[-2.972721,54.563709],[-2.973504,54.563709],[-2.97389,54.563693],[-2.974221,54.563628],[-2.975509,54.563655],[-2.976432,54.56366],[-2.977002,54.563699],[-2.977882,54.563692],[-2.978439,54.56365],[-2.979307,54.563618],[-2.979778,54.563559],[-2.980742,54.563507],[-2.981611,54.563475],[-2.982308,54.56347],[-2.982716,54.563485],[-2.982985,54.563539],[-2.983162,54.563737],[-2.983331,54.563629],[-2.983586,54.563509],[-2.9841,54.563493],[-2.984559,54.563383],[-2.985459,54.563338],[-2.986079,54.563209],[-2.986485,54.563175],[-2.987086,54.563163],[-2.987727,54.563046],[-2.988155,54.563005],[-2.988959,54.56298],[-2.989408,54.562902],[-2.989987,54.562885],[-2.990317,54.562751],[-2.9907,54.562636],[-2.991069,54.56236],[-2.991494,54.562176],[-2.991777,54.5619],[-2.991842,54.561507],[-2.991741,54.561303],[-2.991608,54.561154],[-2.991473,54.560876],[-2.990706,54.56021],[-2.99047,54.559807],[-2.989936,54.559432],[-2.989145,54.559121],[-2.989107,54.558904],[-2.989254,54.558772],[-2.989369,54.558193],[-2.989274,54.557826],[-2.989049,54.55738],[-2.988955,54.557057],[-2.989121,54.556807],[-2.989693,54.556498],[-2.990324,54.556418],[-2.991139,54.556399],[-2.99304,54.556483],[-2.994004,54.556419],[-2.994996,54.55618],[-2.994815,54.555796],[-2.994355,54.555414],[-2.994507,54.555046],[-2.994582,54.554572],[-2.994433,54.5542],[-2.994248,54.554096],[-2.993935,54.554011],[-2.993543,54.553772],[-2.992937,54.553565],[-2.992516,54.55345],[-2.992026,54.553174],[-2.992146,54.5528],[-2.991926,54.552584],[-2.991392,54.552265],[-2.990548,54.551961],[-2.989458,54.551696],[-2.989086,54.551431],[-2.988707,54.551285],[-2.988148,54.551246],[-2.988017,54.551123],[-2.988183,54.550891],[-2.988243,54.55071],[-2.988184,54.550524],[-2.987263,54.550587],[-2.987437,54.550256],[-2.987528,54.549988],[-2.987615,54.54962],[-2.988046,54.549243],[-2.988552,54.54889],[-2.988994,54.548538],[-2.988319,54.548556],[-2.988441,54.5483],[-2.988701,54.547931],[-2.988432,54.547902],[-2.987001,54.548206],[-2.987057,54.547844],[-2.986134,54.547846],[-2.985682,54.547806],[-2.985133,54.547723],[-2.984855,54.547769],[-2.984059,54.548105],[-2.983907,54.548044],[-2.984063,54.547856],[-2.983721,54.547897],[-2.983488,54.547998],[-2.982704,54.548004],[-2.98232,54.548088],[-2.981245,54.548016],[-2.980234,54.547913],[-2.979275,54.547727],[-2.978737,54.547694],[-2.978126,54.547699],[-2.977438,54.547649],[-2.976629,54.547475],[-2.976177,54.547398],[-2.97566,54.547346],[-2.975057,54.547239],[-2.97452,54.547206],[-2.973691,54.547119],[-2.97253,54.547035],[-2.971595,54.54695],[-2.971155,54.546953],[-2.970391,54.54686],[-2.970109,54.54675],[-2.970269,54.546693],[-2.970084,54.546588],[-2.969341,54.546488],[-2.968844,54.546337],[-2.968612,54.54604],[-2.968582,54.545692],[-2.968385,54.545519],[-2.968069,54.545341],[-2.967837,54.545056],[-2.967497,54.544729],[-2.967257,54.544598],[-2.966708,54.544496],[-2.966126,54.544426],[-2.96563,54.544287],[-2.965293,54.544113],[-2.964921,54.543848],[-2.964657,54.543558],[-2.96422,54.543244],[-2.963788,54.543092],[-2.963453,54.543007],[-2.962812,54.542651],[-2.963147,54.541858],[-2.963078,54.541672],[-2.96268,54.541644],[-2.962338,54.541442],[-2.962218,54.540895],[-2.962062,54.540684],[-2.961595,54.540414],[-2.961044,54.54025],[-2.959751,54.540055],[-2.959406,54.539958],[-2.959007,54.539906],[-2.958596,54.539759],[-2.958112,54.539689],[-2.957659,54.53958],[-2.957015,54.539579],[-2.956662,54.53965],[-2.956274,54.53956],[-2.955938,54.53942],[-2.955582,54.539323],[-2.955237,54.539276],[-2.954904,54.53926],[-2.954573,54.539306],[-2.954247,54.539141],[-2.954006,54.538931],[-2.953971,54.538825],[-2.954148,54.538594],[-2.954395,54.538112],[-2.954477,54.537514],[-2.954683,54.537133],[-2.954654,54.536828],[-2.954887,54.53621],[-2.955451,54.535583],[-2.955917,54.535311],[-2.956268,54.53519],[-2.956674,54.5351],[-2.957301,54.534834],[-2.956625,54.534378],[-2.956035,54.533928],[-2.955355,54.533311],[-2.955181,54.533188],[-2.954901,54.532686],[-2.954236,54.532704],[-2.953679,54.532739],[-2.952964,54.532894],[-2.952354,54.53298],[-2.95167,54.533116],[-2.95103,54.533258],[-2.950604,54.533411],[-2.950169,54.53362],[-2.949424,54.533856],[-2.949034,54.533249],[-2.949186,54.532887],[-2.948751,54.532604],[-2.948585,54.532418],[-2.948111,54.532316],[-2.947817,54.532132],[-2.947146,54.531869],[-2.946518,54.531656],[-2.945975,54.531361],[-2.945606,54.531178],[-2.945145,54.531206],[-2.944896,54.531096],[-2.944293,54.531007],[-2.9439,54.531172],[-2.943541,54.531443],[-2.943226,54.531744],[-2.942888,54.53194],[-2.942344,54.5321],[-2.941888,54.532309],[-2.941529,54.532592],[-2.940988,54.532839],[-2.940146,54.533101],[-2.939838,54.533221],[-2.939024,54.533284],[-2.938211,54.533421],[-2.937569,54.533463],[-2.937097,54.533473],[-2.936723,54.533563],[-2.936393,54.533665],[-2.935936,54.534316],[-2.93619,54.53465],[-2.935238,54.534776],[-2.934735,54.534799],[-2.934251,54.534759],[-2.933231,54.534269],[-2.932886,54.534191],[-2.932457,54.534169],[-2.931971,54.534067],[-2.931757,54.534056],[-2.931437,54.534177],[-2.931088,54.53436],[-2.930761,54.534605],[-2.930549,54.534744],[-2.930182,54.535133],[-2.929771,54.53546],[-2.929518,54.535617],[-2.929218,54.535676],[-2.928779,54.535679],[-2.928299,54.535838],[-2.927993,54.535567],[-2.927546,54.535271],[-2.926709,54.53478],[-2.926319,54.534608],[-2.926028,54.534094],[-2.925893,54.533815],[-2.925892,54.533304],[-2.926466,54.532603],[-2.926797,54.532544],[-2.926601,54.531923],[-2.926404,54.53175],[-2.926035,54.531572],[-2.925752,54.531407],[-2.925552,54.531097],[-2.924981,54.530541],[-2.92491,54.53023],[-2.924741,54.52987],[-2.923829,54.528943],[-2.923509,54.528547],[-2.923217,54.527945],[-2.923144,54.527604],[-2.923179,54.526756],[-2.922916,54.526446],[-2.922734,54.526012],[-2.92242,54.525391],[-2.9222,54.525175],[-2.92202,54.524815],[-2.921705,54.52465],[-2.921332,54.524298],[-2.920814,54.523648],[-2.920364,54.52324],[-2.920055,54.522863],[-2.919997,54.522664],[-2.919978,54.522303],[-2.91981,54.52198],[-2.919532,54.52154],[-2.919163,54.521362],[-2.918782,54.521129],[-2.918279,54.52069],[-2.918034,54.520312],[-2.917974,54.520032],[-2.918047,54.519459],[-2.918053,54.519228],[-2.917906,54.518918],[-2.917888,54.518594],[-2.918121,54.518431],[-2.918513,54.518235],[-2.918659,54.51804],[-2.918849,54.51789],[-2.919142,54.517078],[-2.919105,54.516872],[-2.918928,54.516637],[-2.919051,54.516375],[-2.919261,54.516199],[-2.919633,54.51604],[-2.91993,54.51587],[-2.920039,54.515464],[-2.919778,54.51466],[-2.919726,54.514255],[-2.919621,54.513876],[-2.919612,54.513465],[-2.919141,54.510641],[-2.918312,54.51056],[-2.916598,54.510168],[-2.915953,54.510148],[-2.915533,54.510039],[-2.91506,54.510012],[-2.914761,54.510082],[-2.914543,54.509953],[-2.914122,54.509801],[-2.913713,54.509766],[-2.913473,54.509569],[-2.913082,54.509379],[-2.912927,54.509156],[-2.912751,54.508964],[-2.912232,54.508793],[-2.911727,54.508772],[-2.910443,54.508433],[-2.909667,54.508302],[-2.908612,54.508154],[-2.907373,54.507896],[-2.906393,54.507735],[-2.905877,54.507714],[-2.905308,54.507706],[-2.904881,54.507784],[-2.903819,54.507792],[-2.903201,54.507983],[-2.902517,54.508131],[-2.90235,54.507846],[-2.90189,54.507899],[-2.901341,54.507841],[-2.899669,54.507916],[-2.899124,54.508007],[-2.898469,54.508],[-2.897422,54.508176],[-2.896714,54.508181],[-2.896316,54.508153],[-2.895803,54.508263],[-2.895161,54.508311],[-2.894421,54.508323],[-2.894012,54.508276],[-2.892993,54.508283],[-2.892507,54.508163],[-2.891896,54.50818],[-2.890929,54.508118],[-2.890479,54.508184],[-2.88968,54.507916],[-2.889203,54.507726],[-2.888812,54.50748],[-2.88841,54.507252],[-2.887893,54.507156],[-2.887428,54.507016],[-2.886995,54.506839],[-2.886623,54.506991],[-2.886311,54.50695],[-2.885941,54.506728],[-2.885368,54.506521],[-2.88483,54.50645],[-2.884406,54.506684],[-2.884071,54.507078],[-2.884014,54.507397],[-2.88386,54.507722],[-2.883385,54.508105],[-2.882975,54.508488],[-2.881994,54.508769],[-2.881613,54.509003],[-2.880259,54.509411],[-2.880086,54.509363],[-2.879617,54.509516],[-2.878932,54.509552],[-2.878402,54.509381],[-2.878249,54.509245],[-2.87776,54.50895],[-2.877444,54.508728],[-2.876872,54.508589],[-2.875883,54.50801],[-2.875429,54.507852],[-2.875256,54.507759],[-2.87488,54.507762],[-2.874652,54.507614],[-2.873871,54.507751],[-2.873252,54.507899],[-2.871964,54.507852],[-2.871211,54.50777],[-2.870313,54.507459],[-2.869817,54.507338],[-2.869523,54.507141],[-2.869345,54.506855],[-2.869339,54.506544],[-2.869436,54.506057],[-2.869106,54.505206],[-2.868934,54.504659],[-2.868598,54.50402],[-2.868048,54.503357],[-2.867644,54.503042],[-2.867193,54.502522],[-2.866601,54.501928],[-2.866433,54.501113],[-2.866253,54.500716],[-2.865358,54.499981],[-2.865227,54.498885],[-2.865334,54.498336],[-2.864406,54.496592],[-2.863619,54.49489],[-2.863666,54.493587],[-2.864024,54.492768],[-2.864862,54.491784],[-2.864784,54.491647],[-2.865112,54.490411],[-2.867188,54.488121],[-2.870785,54.484212],[-2.871746,54.483513],[-2.87271,54.482441],[-2.873929,54.481241],[-2.875377,54.480132],[-2.876309,54.478579],[-2.876138,54.478119],[-2.876285,54.477451],[-2.8762,54.477009],[-2.877141,54.476341],[-2.877835,54.475177],[-2.877899,54.474703],[-2.877844,54.474123],[-2.877706,54.473675],[-2.877945,54.472857],[-2.878067,54.472008],[-2.87821,54.471689],[-2.878869,54.471391],[-2.879593,54.471149],[-2.879898,54.470847],[-2.880059,54.470366],[-2.880204,54.470116],[-2.880445,54.469846],[-2.880588,54.469539],[-2.880647,54.469252],[-2.880641,54.469009],[-2.880913,54.468689],[-2.880924,54.468165],[-2.881073,54.46764],[-2.88128,54.467258],[-2.881466,54.466964],[-2.881458,54.466583],[-2.881247,54.466236],[-2.881348,54.465936],[-2.881716,54.465602],[-2.88306,54.464258],[-2.883384,54.463844],[-2.883662,54.463811],[-2.883918,54.463709],[-2.88415,54.463564],[-2.884424,54.463313],[-2.884451,54.463057],[-2.884252,54.462784],[-2.884212,54.462422],[-2.884348,54.461766],[-2.884428,54.461522],[-2.88469,54.461227],[-2.884824,54.460964],[-2.884911,54.460533],[-2.884932,54.460015],[-2.885098,54.459266],[-2.885256,54.459115],[-2.885617,54.45895],[-2.886217,54.458409],[-2.88637,54.458059],[-2.886417,54.45774],[-2.886438,54.457229],[-2.886545,54.456692],[-2.886825,54.455754],[-2.886878,54.45523],[-2.886787,54.454026],[-2.886867,54.453277],[-2.886798,54.453041],[-2.886855,54.452728],[-2.886997,54.452316],[-2.886985,54.451293],[-2.887054,54.450506],[-2.887255,54.449881],[-2.887194,54.449557],[-2.887178,54.449283],[-2.887401,54.448682],[-2.887304,54.448165],[-2.887351,54.447868],[-2.88753,54.44723],[-2.887667,54.446612],[-2.887829,54.446167],[-2.887969,54.445686],[-2.88853,54.4452],[-2.88786,54.4452],[-2.88706,54.44535],[-2.88731,54.44486],[-2.88776,54.44435],[-2.88813,54.44376],[-2.88833,54.44327],[-2.88865,54.44284],[-2.88897,54.4426],[-2.8892,54.44208],[-2.88962,54.44171],[-2.88979,54.44112],[-2.88983,54.44033],[-2.88999,54.43974],[-2.89007,54.43901],[-2.89028,54.43849],[-2.8903,54.43813],[-2.89091,54.43712],[-2.89169,54.43685],[-2.89179,54.43656],[-2.89238,54.43561],[-2.89254,54.43516],[-2.89278,54.4348],[-2.89299,54.43432],[-2.89326,54.4341],[-2.89337,54.43382],[-2.89327,54.43356],[-2.89362,54.43336],[-2.89369,54.43264],[-2.89351,54.43227],[-2.89341,54.43199],[-2.89342,54.43086],[-2.89332,54.43039],[-2.89331,54.43008],[-2.89366,54.42961],[-2.89394,54.42911],[-2.89429,54.42859],[-2.89465,54.42781],[-2.89486,54.42702],[-2.89576,54.42627],[-2.89569,54.42597],[-2.8959,54.425],[-2.89626,54.4244],[-2.89633,54.42398],[-2.89666,54.42344],[-2.89682,54.42304],[-2.89746,54.42231],[-2.89771,54.42199],[-2.89802,54.42168],[-2.89798,54.42133],[-2.89808,54.42097],[-2.89832,54.42079],[-2.89968,54.41994],[-2.89992,54.41962],[-2.90027,54.41965],[-2.9007,54.41989],[-2.90181,54.42013],[-2.90213,54.42012],[-2.90291,54.42027],[-2.90337,54.4202],[-2.90354,54.41994],[-2.90385,54.41978],[-2.90414,54.41946],[-2.90423,54.41912],[-2.90439,54.41894],[-2.90506,54.41803],[-2.90696,54.41793],[-2.90648,54.41761],[-2.90694,54.4179],[-2.9071,54.41827],[-2.90719,54.41894],[-2.90765,54.41973],[-2.90764,54.42001],[-2.90774,54.42037],[-2.90773,54.42067],[-2.90788,54.42091],[-2.90791,54.42123],[-2.90783,54.42157],[-2.90781,54.42209],[-2.90794,54.42232],[-2.90809,54.42281],[-2.90808,54.42341],[-2.90823,54.42361],[-2.90852,54.42372],[-2.90886,54.42346],[-2.90855,54.42369],[-2.90828,54.42364],[-2.90811,54.42342],[-2.90809,54.42283],[-2.907926,54.422317],[-2.90852,54.4222],[-2.90899,54.422],[-2.90923,54.42183],[-2.90976,54.42164],[-2.9101,54.42147],[-2.91028,54.42118],[-2.9111,54.42036],[-2.91133,54.42004],[-2.91151,54.4199],[-2.91186,54.41981],[-2.91234,54.41899],[-2.91306,54.41819],[-2.91318,54.41783],[-2.91352,54.41742],[-2.913749,54.416879],[-2.913959,54.416659],[-2.913995,54.416353],[-2.914343,54.4161],[-2.914687,54.415623],[-2.915017,54.415521],[-2.915365,54.415225],[-2.915635,54.414848],[-2.915981,54.414471],[-2.916255,54.414256],[-2.91653,54.414073],[-2.917041,54.413432],[-2.917337,54.41323],[-2.917709,54.41309],[-2.918154,54.412831],[-2.919154,54.412449],[-2.920082,54.412192],[-2.920628,54.412125],[-2.921131,54.412097],[-2.92174,54.411986],[-2.922326,54.411794],[-2.923096,54.411669],[-2.923771,54.411633],[-2.924442,54.411654],[-2.926752,54.411812],[-2.927521,54.412118],[-2.928218,54.412568],[-2.928741,54.412926],[-2.929318,54.413265],[-2.929422,54.413589],[-2.929977,54.41396],[-2.930807,54.414571],[-2.93213,54.415223],[-2.932472,54.415633],[-2.932567,54.416019],[-2.932982,54.416802],[-2.932976,54.416996],[-2.933492,54.417036],[-2.933882,54.417208],[-2.934412,54.417397],[-2.93554,54.417451],[-2.936126,54.417771],[-2.936461,54.417837],[-2.936981,54.417602],[-2.937567,54.41731],[-2.937845,54.417289],[-2.938352,54.417373],[-2.938568,54.417471],[-2.940525,54.417631],[-2.940739,54.417585],[-2.941039,54.417595],[-2.941214,54.417694],[-2.942552,54.417534],[-2.943314,54.417534],[-2.944055,54.41756],[-2.944528,54.417618],[-2.944902,54.417528],[-2.945265,54.417475],[-2.945878,54.417514],[-2.946595,54.41744],[-2.947242,54.417572],[-2.947673,54.417681],[-2.94806,54.417684],[-2.948433,54.417575],[-2.949001,54.417571],[-2.949357,54.417637],[-2.949649,54.417734],[-2.950061,54.417925],[-2.950536,54.418052],[-2.950944,54.418043],[-2.951473,54.418219],[-2.951844,54.418466],[-2.952322,54.418706],[-2.952581,54.41876],[-2.952815,54.418677],[-2.953019,54.418707],[-2.953142,54.418918],[-2.953124,54.419056],[-2.953307,54.419104],[-2.953537,54.419283],[-2.953677,54.419307],[-2.953802,54.41915],[-2.953944,54.419261],[-2.954022,54.419392],[-2.954747,54.419193],[-2.955148,54.419358],[-2.955452,54.419518],[-2.955929,54.419714],[-2.957085,54.420504],[-2.957231,54.420777],[-2.957438,54.420944],[-2.957918,54.42174],[-2.958138,54.421931],[-2.958168,54.422306],[-2.958003,54.422602],[-2.957924,54.422871],[-2.958016,54.423158],[-2.958215,54.423412],[-2.958245,54.423787],[-2.958688,54.423896],[-2.959097,54.423967],[-2.959369,54.424121],[-2.959864,54.424192],[-2.960405,54.424369],[-2.960582,54.424598],[-2.960718,54.424884],[-2.960681,54.425141],[-2.960923,54.425395],[-2.960879,54.425826],[-2.960779,54.426139],[-2.960863,54.426494],[-2.961133,54.427047],[-2.961329,54.427614],[-2.961282,54.427895],[-2.961315,54.428375],[-2.961617,54.428891],[-2.961928,54.429363],[-2.96224,54.429735],[-2.962317,54.43029],[-2.962261,54.43109],[-2.962379,54.43155],[-2.962181,54.431785],[-2.961851,54.4319],[-2.961962,54.432061],[-2.96244,54.432307],[-2.963165,54.432582],[-2.963303,54.432937],[-2.963285,54.433542],[-2.963367,54.433873],[-2.963761,54.434175],[-2.964722,54.434436],[-2.966502,54.434821],[-2.967369,54.435195],[-2.967954,54.435465],[-2.968655,54.435603],[-2.969025,54.435824],[-2.969692,54.436793],[-2.969887,54.43734],[-2.96993,54.437758],[-2.970207,54.438168],[-2.969859,54.438408],[-2.969801,54.438689],[-2.969929,54.439112],[-2.970385,54.439757],[-2.969903,54.440729],[-2.969538,54.441586],[-2.969503,54.441955],[-2.969547,54.442447],[-2.969707,54.442845],[-2.970055,54.443279],[-2.970377,54.443739],[-2.971646,54.445232],[-2.972019,54.445572],[-2.972712,54.445847],[-2.973103,54.446019],[-2.973435,54.446441],[-2.973643,54.446626],[-2.974599,54.447136],[-2.974795,54.447253],[-2.975325,54.447405],[-2.975696,54.447683],[-2.976066,54.448322],[-2.976467,54.448506],[-2.976897,54.448553],[-2.977389,54.448474],[-2.977817,54.448439],[-2.978287,54.448336],[-2.977787,54.448508],[-2.978081,54.448693],[-2.978319,54.448791],[-2.978613,54.448938],[-2.978859,54.448924],[-2.979101,54.448709],[-2.979446,54.448788],[-2.979523,54.448881],[-2.979983,54.448827],[-2.980336,54.448749],[-2.980589,54.449028],[-2.9808,54.449763],[-2.981397,54.449595],[-2.981842,54.449386],[-2.981667,54.449238],[-2.981716,54.449044],[-2.982644,54.448799],[-2.983722,54.448578],[-2.984143,54.448783],[-2.984385,54.448874],[-2.985991,54.448894],[-2.986702,54.448942],[-2.987208,54.448991],[-2.987498,54.449129],[-2.988022,54.449471],[-2.988647,54.449739],[-2.989274,54.450061],[-2.989783,54.450263],[-2.990358,54.450345],[-2.990987,54.450253],[-2.991752,54.450167],[-2.992211,54.45017],[-2.992732,54.450379],[-2.993274,54.450541],[-2.99415,54.450734],[-2.994703,54.450816],[-2.995449,54.450863],[-2.996095,54.451011],[-2.996565,54.451047],[-2.99715,54.451056],[-2.997899,54.451223],[-2.998233,54.451267],[-2.998873,54.451222],[-2.999366,54.451224],[-2.999724,54.451321],[-3.00009,54.451298],[-3.000423,54.451309],[-3.000863,54.451478],[-3.001187,54.451636],[-3.001421,54.451807],[-3.001562,54.451952],[-3.001989,54.452082],[-3.002565,54.452171],[-3.002889,54.452308],[-3.00365,54.452508],[-3.004142,54.452837],[-3.004513,54.453014],[-3.004756,54.453112],[-3.004921,54.453271],[-3.005758,54.45331],[-3.006249,54.453213],[-3.00678,54.452915],[-3.007019,54.45284],[-3.007186,54.452639],[-3.007434,54.45247],[-3.007912,54.452346],[-3.008323,54.452276],[-3.009791,54.452291],[-3.010582,54.452311],[-3.01118,54.452372],[-3.011664,54.452468],[-3.01187,54.452473],[-3.012062,54.452365],[-3.012851,54.452272],[-3.013481,54.452273],[-3.013874,54.45239],[-3.014189,54.452641],[-3.014519,54.452984],[-3.01481,54.453175],[-3.015203,54.453318],[-3.015572,54.453402],[-3.015829,54.453586],[-3.01628,54.454222],[-3.016618,54.454453],[-3.017088,54.454909],[-3.017506,54.455125],[-3.018002,54.455254],[-3.019666,54.455806],[-3.020385,54.45614],[-3.021025,54.456501],[-3.021874,54.457014],[-3.022313,54.457163],[-3.023183,54.457109],[-3.023714,54.457258],[-3.023218,54.457596],[-3.023212,54.457789],[-3.023755,54.457984],[-3.023833,54.45835],[-3.023796,54.45871],[-3.023694,54.459204],[-3.0243,54.45974],[-3.02474,54.45944],[-3.0255,54.459],[-3.02573,54.45883],[-3.02582,54.45874],[-3.025949,54.458504],[-3.02577,54.457658],[-3.027619,54.457008],[-3.02861,54.456733],[-3.028655,54.456442],[-3.029228,54.455696],[-3.029575,54.455387],[-3.030106,54.455085],[-3.030444,54.454967],[-3.031245,54.454426],[-3.03128,54.453723],[-3.031595,54.453201],[-3.031444,54.45295],[-3.031466,54.452263],[-3.03123,54.45173],[-3.03154,54.451544],[-3.031706,54.45136],[-3.031827,54.450916],[-3.031791,54.450542],[-3.03164,54.450306],[-3.03144,54.450155],[-3.031594,54.450047],[-3.031969,54.450296],[-3.032415,54.450284],[-3.03277,54.450175],[-3.033101,54.450116],[-3.033085,54.449916],[-3.033434,54.449707],[-3.033755,54.449655],[-3.034633,54.449179],[-3.034897,54.449002],[-3.035157,54.448701],[-3.035173,54.448451],[-3.035336,54.448106],[-3.035446,54.447806],[-3.035865,54.447397],[-3.036247,54.447225],[-3.036811,54.447058],[-3.037391,54.44666],[-3.037077,54.446538],[-3.036978,54.446439],[-3.037057,54.446152],[-3.03724,54.445776],[-3.037116,54.445527],[-3.037206,54.445258],[-3.037007,54.445035],[-3.036989,54.444742],[-3.037079,54.444492],[-3.037163,54.444029],[-3.037184,54.44358],[-3.037426,54.442972],[-3.037631,54.442578],[-3.037349,54.442449],[-3.037374,54.442174],[-3.038011,54.441925],[-3.038371,54.44171],[-3.038978,54.441112],[-3.039722,54.441274],[-3.040048,54.441409],[-3.0403,54.441613],[-3.040732,54.441734],[-3.041486,54.441858],[-3.042076,54.441841],[-3.043023,54.441539],[-3.043485,54.441554],[-3.043811,54.441283],[-3.044098,54.441193],[-3.044501,54.440996],[-3.045571,54.440881],[-3.046382,54.440699],[-3.047127,54.440487],[-3.048023,54.440261],[-3.048104,54.440085],[-3.04824,54.43994],[-3.04796,54.439475],[-3.047829,54.438964],[-3.047272,54.438582],[-3.046888,54.438267],[-3.046678,54.43802],[-3.045895,54.438014],[-3.045878,54.437777],[-3.045335,54.437532],[-3.044506,54.437421],[-3.043987,54.437288],[-3.043349,54.437069],[-3.042869,54.436755],[-3.042571,54.436426],[-3.042204,54.435949],[-3.042006,54.435745],[-3.041507,54.435524],[-3.04108,54.435204],[-3.040655,54.434945],[-3.040314,54.434617],[-3.040166,54.434282],[-3.039935,54.434078],[-3.039483,54.434019],[-3.039097,54.434022],[-3.038685,54.433864],[-3.038271,54.433618],[-3.037869,54.43384],[-3.037525,54.434229],[-3.037858,54.433827],[-3.038271,54.433611],[-3.038007,54.432921],[-3.038023,54.432721],[-3.038186,54.432376],[-3.038102,54.432009],[-3.038177,54.431609],[-3.038976,54.430953],[-3.039276,54.430925],[-3.03968,54.430797],[-3.041164,54.430485],[-3.041608,54.430242],[-3.041874,54.430153],[-3.042095,54.429982],[-3.042413,54.429811],[-3.04258,54.429629],[-3.042918,54.429413],[-3.0433,54.429254],[-3.043652,54.429157],[-3.044038,54.42916],[-3.044492,54.429287],[-3.044846,54.429297],[-3.045186,54.429157],[-3.045449,54.428967],[-3.045627,54.428784],[-3.045828,54.428658],[-3.046253,54.428517],[-3.04672,54.428301],[-3.047262,54.428115],[-3.047538,54.427969],[-3.047985,54.427828],[-3.048227,54.427632],[-3.048554,54.427424],[-3.048711,54.427279],[-3.048845,54.427071],[-3.049142,54.426925],[-3.049821,54.426638],[-3.049872,54.426513],[-3.049907,54.425789],[-3.049975,54.42552],[-3.049722,54.42486],[-3.049545,54.424656],[-3.049283,54.424465],[-3.049278,54.424302],[-3.049487,54.424063],[-3.049986,54.423865],[-3.050439,54.423549],[-3.0507,54.423266],[-3.051078,54.422932],[-3.051437,54.422717],[-3.051711,54.422502],[-3.052136,54.422336],[-3.05243,54.422102],[-3.052278,54.421604],[-3.052248,54.421268],[-3.053827,54.421329],[-3.054482,54.421373],[-3.054846,54.42132],[-3.055897,54.421304],[-3.05592,54.420936],[-3.055966,54.420661],[-3.056482,54.420288],[-3.056507,54.420019],[-3.056788,54.41968],[-3.057177,54.419757],[-3.057503,54.419511],[-3.058238,54.419317],[-3.059248,54.418953],[-3.059884,54.418629],[-3.060798,54.418296],[-3.061301,54.418267],[-3.06161,54.418183],[-3.061599,54.417727],[-3.062198,54.417241],[-3.061853,54.4172],[-3.061595,54.417184],[-3.061169,54.417281],[-3.060882,54.41739],[-3.060485,54.417406],[-3.059192,54.41718],[-3.058748,54.417053],[-3.058166,54.416933],[-3.058539,54.416424],[-3.058166,54.416939],[-3.05779,54.416936],[-3.057244,54.416985],[-3.056957,54.417087],[-3.056397,54.417011],[-3.055964,54.416859],[-3.055713,54.416699],[-3.055688,54.416124],[-3.055571,54.415776],[-3.05533,54.415553],[-3.054943,54.415525],[-3.054548,54.415616],[-3.054269,54.415625],[-3.053966,54.415527],[-3.053559,54.415562],[-3.053092,54.415754],[-3.052585,54.416064],[-3.051939,54.416401],[-3.051544,54.41646],[-3.051184,54.416226],[-3.051585,54.41558],[-3.051686,54.415323],[-3.051917,54.415127],[-3.05228,54.415037],[-3.05235,54.414855],[-3.052497,54.414722],[-3.052609,54.414503],[-3.052627,54.414347],[-3.052607,54.413997],[-3.052675,54.413722],[-3.052786,54.413434],[-3.052767,54.413115],[-3.052565,54.412792],[-3.052524,54.412424],[-3.052525,54.411638],[-3.052166,54.411441],[-3.051794,54.411194],[-3.051562,54.410928],[-3.051387,54.410805],[-3.051444,54.410486],[-3.051571,54.410029],[-3.051751,54.409509],[-3.051984,54.408982],[-3.052209,54.408537],[-3.052299,54.408274],[-3.051812,54.407691],[-3.052566,54.406966],[-3.053635,54.406401],[-3.052576,54.406966],[-3.052188,54.407313],[-3.051822,54.407685],[-3.052,54.407908],[-3.052739,54.407858],[-3.053,54.407606],[-3.053301,54.407628],[-3.053547,54.407582],[-3.053859,54.407598],[-3.054104,54.407552],[-3.054526,54.407667],[-3.055009,54.4077],[-3.055318,54.407617],[-3.055431,54.407391],[-3.05563,54.407202],[-3.056005,54.407186],[-3.056428,54.407357],[-3.056719,54.40743],[-3.057053,54.407477],[-3.057452,54.407561],[-3.057651,54.407765],[-3.058011,54.407999],[-3.058375,54.408377],[-3.058689,54.408512],[-3.059154,54.408645],[-3.059372,54.40878],[-3.059582,54.408997],[-3.059712,54.409046],[-3.059801,54.409182],[-3.06011,54.40908],[-3.060376,54.409015],[-3.060905,54.40911],[-3.061368,54.408763],[-3.061597,54.408492],[-3.06156,54.407893],[-3.061864,54.407622],[-3.061963,54.407303],[-3.062058,54.406833],[-3.062168,54.406539],[-3.062227,54.406307],[-3.06222,54.406026],[-3.062309,54.405751],[-3.062665,54.405429],[-3.063033,54.405132],[-3.063947,54.404781],[-3.064358,54.40449],[-3.064778,54.404149],[-3.064813,54.403849],[-3.065095,54.40354],[-3.06551,54.403405],[-3.065799,54.403372],[-3.066926,54.403412],[-3.06817,54.402938],[-3.068475,54.402736],[-3.069156,54.402493],[-3.070886,54.401353],[-3.071147,54.401082],[-3.071363,54.400731],[-3.071262,54.400538],[-3.070612,54.400312],[-3.069748,54.399702],[-3.070127,54.399405],[-3.070487,54.399239],[-3.071186,54.398871],[-3.071501,54.398606],[-3.072148,54.39835],[-3.072282,54.398124],[-3.072945,54.397231],[-3.073056,54.396943],[-3.073648,54.396606],[-3.074304,54.396269],[-3.074856,54.396015],[-3.075387,54.395829],[-3.076234,54.395778],[-3.076589,54.395843],[-3.076862,54.396016],[-3.077274,54.396181],[-3.077705,54.396258],[-3.078529,54.396557],[-3.079069,54.396714],[-3.079512,54.396804],[-3.079977,54.396563],[-3.080322,54.396185],[-3.080301,54.39581],[-3.079956,54.395345],[-3.079693,54.395128],[-3.079381,54.394694],[-3.078784,54.394025],[-3.078657,54.393701],[-3.078412,54.393347],[-3.078169,54.393112],[-3.078161,54.392787],[-3.078346,54.392498],[-3.078456,54.392191],[-3.078706,54.391895],[-3.078768,54.391395],[-3.079119,54.390885],[-3.078813,54.390657],[-3.07913,54.390479],[-3.079691,54.390199],[-3.080048,54.389902],[-3.080367,54.389356],[-3.081168,54.388818],[-3.08212,54.388309],[-3.082945,54.387846],[-3.083179,54.387582],[-3.083566,54.387203],[-3.084118,54.386961],[-3.084546,54.386532],[-3.085107,54.38624],[-3.085665,54.385822],[-3.086158,54.385412],[-3.087405,54.38427],[-3.087687,54.383973],[-3.088129,54.383682],[-3.088495,54.383322],[-3.089171,54.38291],[-3.08962,54.382431],[-3.089909,54.381997],[-3.090182,54.381783],[-3.090278,54.381369],[-3.090361,54.38085],[-3.090401,54.380718],[-3.090311,54.380582],[-3.090467,54.380399],[-3.090245,54.38012],[-3.090026,54.379959],[-3.089868,54.379661],[-3.089526,54.379308],[-3.08928,54.378922],[-3.089013,54.378587],[-3.088832,54.378214],[-3.088724,54.37779],[-3.088755,54.377327],[-3.089079,54.377012],[-3.089278,54.376847],[-3.089423,54.37664],[-3.089526,54.376895],[-3.089702,54.37705],[-3.089949,54.377066],[-3.090147,54.37684],[-3.090308,54.376413],[-3.090175,54.375883],[-3.090006,54.375553],[-3.089933,54.375223],[-3.089677,54.374881],[-3.089316,54.374622],[-3.089181,54.37438],[-3.089086,54.374043],[-3.088653,54.373503],[-3.088236,54.373176],[-3.087834,54.372973],[-3.087346,54.372784],[-3.086708,54.372615],[-3.08521,54.372353],[-3.084596,54.372271],[-3.083771,54.372328],[-3.08296,54.372467],[-3.082564,54.372521],[-3.082125,54.372543],[-3.081826,54.372608],[-3.080595,54.372313],[-3.080368,54.37224],[-3.079915,54.372188],[-3.079458,54.372336],[-3.079181,54.372401],[-3.078773,54.372392],[-3.07836,54.37219],[-3.078191,54.37191],[-3.078177,54.371379],[-3.078094,54.371067],[-3.077733,54.370801],[-3.077267,54.370649],[-3.076887,54.370465],[-3.076495,54.370256],[-3.076309,54.370101],[-3.076419,54.369807],[-3.076166,54.369584],[-3.075794,54.369306],[-3.075721,54.368975],[-3.076033,54.368898],[-3.076468,54.369101],[-3.077713,54.369127],[-3.078471,54.368976],[-3.078861,54.369117],[-3.079232,54.369345],[-3.079548,54.369517],[-3.079806,54.369558],[-3.080696,54.369944],[-3.081224,54.370021],[-3.081697,54.370035],[-3.082042,54.370132],[-3.082365,54.370154],[-3.082841,54.370319],[-3.083205,54.370678],[-3.083545,54.370975],[-3.083827,54.371091],[-3.084238,54.3712],[-3.084563,54.371335],[-3.084988,54.371556],[-3.085425,54.371871],[-3.08585,54.372105],[-3.086263,54.372301],[-3.086685,54.372428],[-3.087332,54.372573],[-3.087764,54.372656],[-3.087993,54.372792],[-3.087858,54.372968],[-3.08825,54.373196],[-3.088666,54.373511],[-3.089066,54.374038],[-3.089384,54.374273],[-3.089835,54.374713],[-3.090058,54.375017],[-3.090722,54.375398],[-3.091532,54.375985],[-3.092088,54.376311],[-3.092427,54.376552],[-3.09268,54.376768],[-3.093005,54.376909],[-3.093531,54.377311],[-3.094191,54.377517],[-3.094904,54.377686],[-3.095124,54.377902],[-3.095143,54.378221],[-3.094934,54.378429],[-3.095039,54.378716],[-3.095229,54.379033],[-3.095293,54.379401],[-3.0953,54.379676],[-3.095425,54.379924],[-3.095699,54.380153],[-3.096092,54.380412],[-3.096397,54.380572],[-3.096604,54.380701],[-3.096403,54.380772],[-3.096048,54.380769],[-3.096506,54.381033],[-3.096748,54.381262],[-3.097014,54.381579],[-3.097223,54.381777],[-3.096973,54.382029],[-3.096222,54.382061],[-3.097359,54.382025],[-3.09796,54.382039],[-3.098565,54.382183],[-3.098961,54.382167],[-3.099467,54.382231],[-3.099879,54.382365],[-3.100986,54.382443],[-3.103021,54.38268],[-3.103153,54.382816],[-3.103438,54.382834],[-3.103953,54.382855],[-3.104013,54.382685],[-3.10424,54.382544],[-3.104585,54.382585],[-3.105039,54.382718],[-3.105418,54.382864],[-3.105804,54.382842],[-3.106463,54.383017],[-3.107091,54.383218],[-3.10749,54.383295],[-3.108352,54.383038],[-3.108625,54.382804],[-3.109036,54.382525],[-3.109482,54.382334],[-3.109566,54.382091],[-3.109809,54.381945],[-3.110299,54.381815],[-3.110045,54.381543],[-3.11008,54.381255],[-3.109969,54.380917],[-3.109989,54.38046],[-3.109877,54.380268],[-3.109631,54.379933],[-3.109591,54.379614],[-3.109586,54.378633],[-3.109689,54.378476],[-3.109696,54.377945],[-3.109794,54.377606],[-3.109571,54.377308],[-3.109449,54.376372],[-3.109153,54.376125],[-3.108906,54.376121],[-3.108502,54.375978],[-3.108174,54.375769],[-3.108042,54.375639],[-3.107738,54.375529],[-3.107475,54.375294],[-3.10692,54.375012],[-3.106466,54.374897],[-3.105994,54.374889],[-3.105269,54.374696],[-3.104921,54.374499],[-3.104468,54.374409],[-3.104055,54.374225],[-3.103748,54.373966],[-3.103677,54.373741],[-3.103638,54.373485],[-3.10333,54.373213],[-3.103001,54.373348],[-3.102581,54.373301],[-3.10249,54.373102],[-3.102527,54.372889],[-3.102368,54.372535],[-3.102486,54.371752],[-3.102425,54.371084],[-3.102419,54.370453],[-3.102248,54.370085],[-3.101982,54.369763],[-3.101489,54.369411],[-3.10116,54.369151],[-3.100915,54.368816],[-3.100791,54.368567],[-3.100501,54.368157],[-3.100263,54.367684],[-3.099932,54.367356],[-3.099538,54.367085],[-3.09926,54.366693],[-3.09896,54.366327],[-3.098623,54.366168],[-3.098445,54.365913],[-3.098544,54.365631],[-3.098409,54.365401],[-3.097972,54.365111],[-3.098237,54.364965],[-3.098244,54.364821],[-3.09953,54.364238],[-3.099871,54.364142],[-3.100548,54.363779],[-3.100888,54.363676],[-3.101471,54.363383],[-3.102465,54.362976],[-3.102884,54.362609],[-3.103077,54.362608],[-3.103611,54.362509],[-3.104039,54.36248],[-3.104539,54.362319],[-3.10492,54.362109],[-3.105271,54.361994],[-3.10588,54.361882],[-3.106693,54.361412],[-3.106859,54.361198],[-3.107272,54.361],[-3.107902,54.360475],[-3.108758,54.35998],[-3.109353,54.359768],[-3.10998,54.359568],[-3.11021,54.359329],[-3.110784,54.359111],[-3.111248,54.358838],[-3.111661,54.358615],[-3.112333,54.358465],[-3.112761,54.358442],[-3.113166,54.358351],[-3.11354,54.358292],[-3.113843,54.35837],[-3.114248,54.358279],[-3.11468,54.358375],[-3.115556,54.358229],[-3.11576,54.358246],[-3.11592,54.358195],[-3.116483,54.358383],[-3.116934,54.358404],[-3.11746,54.358405],[-3.117902,54.358489],[-3.118227,54.358586],[-3.118527,54.358571],[-3.119184,54.358289],[-3.119463,54.358268],[-3.119926,54.358314],[-3.120147,54.35818],[-3.120521,54.358108],[-3.120875,54.358124],[-3.121145,54.358184],[-3.121416,54.358294],[-3.121738,54.358297],[-3.122541,54.358602],[-3.123059,54.358704],[-3.123327,54.358701],[-3.123452,54.35855],[-3.123665,54.358492],[-3.123966,54.358533],[-3.124296,54.358442],[-3.1248,54.358425],[-3.125423,54.358432],[-3.125699,54.358323],[-3.126093,54.358238],[-3.126555,54.358265],[-3.127386,54.358032],[-3.12774,54.358041],[-3.128064,54.358088],[-3.128533,54.358003],[-3.129049,54.358017],[-3.129369,54.357951],[-3.129634,54.357836],[-3.129988,54.357839],[-3.130269,54.357911],[-3.130465,54.357991],[-3.130637,54.358027],[-3.130805,54.357894],[-3.131061,54.357848],[-3.131288,54.357902],[-3.131428,54.357913],[-3.131553,54.357781],[-3.132183,54.357656],[-3.132623,54.357652],[-3.13306,54.357566],[-3.13339,54.357457],[-3.133503,54.357262],[-3.133961,54.357164],[-3.134382,54.357169],[-3.135018,54.357256],[-3.135409,54.357422],[-3.135716,54.35741],[-3.136151,54.357231],[-3.136595,54.357235],[-3.137039,54.35711],[-3.137427,54.35715],[-3.137589,54.357192],[-3.137743,54.357322],[-3.13786,54.357302],[-3.138011,54.357332],[-3.138258,54.35733],[-3.138571,54.357408],[-3.138924,54.357343],[-3.139463,54.357438],[-3.139733,54.357516],[-3.139984,54.357658],[-3.140383,54.357748],[-3.140911,54.357818],[-3.141331,54.357858],[-3.141612,54.357942],[-3.141852,54.358097],[-3.142263,54.358193],[-3.142643,54.358358],[-3.143106,54.358397],[-3.143438,54.358407],[-3.143689,54.358536],[-3.143832,54.358678],[-3.144037,54.358714],[-3.144302,54.358574],[-3.144631,54.358445],[-3.145133,54.358378],[-3.145644,54.358229],[-3.146167,54.358118],[-3.147516,54.357637],[-3.148334,54.357329],[-3.14877,54.357212],[-3.149397,54.357],[-3.149952,54.356876],[-3.150344,54.356709],[-3.150662,54.35655],[-3.15113,54.3564],[-3.15145,54.35625],[-3.15171,54.35609],[-3.1519,54.35604],[-3.152266,54.355861],[-3.15283,54.35589],[-3.15312,54.35585],[-3.15383,54.35587],[-3.1544,54.35585],[-3.15501,54.3559],[-3.15602,54.3556],[-3.15638,54.35556],[-3.15737,54.3556],[-3.15798,54.35561],[-3.15795,54.35587],[-3.157672,54.356185],[-3.157712,54.356447],[-3.157613,54.35676],[-3.157656,54.35711],[-3.157729,54.357435],[-3.15773,54.357847],[-3.158046,54.358016],[-3.158326,54.358064],[-3.158567,54.358218],[-3.158762,54.358297],[-3.159018,54.35862],[-3.159248,54.358767],[-3.159874,54.358905],[-3.160489,54.359025],[-3.160826,54.359171],[-3.161023,54.359338],[-3.161137,54.359568],[-3.161356,54.359729],[-3.162015,54.359854],[-3.162455,54.359868],[-3.162866,54.359977],[-3.16318,54.360093],[-3.163818,54.360255],[-3.164312,54.360288],[-3.164733,54.360353],[-3.165112,54.360468],[-3.16634,54.360663],[-3.167306,54.360653],[-3.167738,54.360755],[-3.168152,54.360595],[-3.168525,54.360498],[-3.168978,54.3606],[-3.169641,54.360868],[-3.169913,54.361016],[-3.170285,54.360906],[-3.170535,54.361004],[-3.171072,54.361023],[-3.172943,54.361155],[-3.174039,54.36157],[-3.174941,54.361611],[-3.175405,54.361688],[-3.175939,54.362339],[-3.176214,54.362574],[-3.176393,54.362841],[-3.176655,54.363001],[-3.176805,54.36335],[-3.17698,54.363842],[-3.178084,54.364194],[-3.178282,54.364355],[-3.178293,54.364717],[-3.178534,54.364921],[-3.17944,54.365056],[-3.180096,54.365131],[-3.18103,54.365122],[-3.181122,54.365346],[-3.180737,54.365406],[-3.180949,54.365679],[-3.181237,54.365989],[-3.180033,54.366644],[-3.180153,54.366718],[-3.181175,54.366458],[-3.181987,54.366313],[-3.182577,54.366307],[-3.182977,54.366403],[-3.183327,54.36665],[-3.183784,54.366883],[-3.184398,54.366945],[-3.184926,54.367028],[-3.185524,54.366947],[-3.185806,54.367044],[-3.186134,54.367241],[-3.186711,54.367535],[-3.187022,54.367901],[-3.187352,54.368167],[-3.187685,54.368182],[-3.187949,54.368411],[-3.188519,54.368474],[-3.189006,54.368213],[-3.189379,54.368128],[-3.189525,54.367633],[-3.189737,54.367543],[-3.190036,54.367465],[-3.190029,54.36724],[-3.189748,54.366793],[-3.189524,54.366107],[-3.18954,54.365761],[-3.18982,54.365439],[-3.189822,54.365108],[-3.190089,54.364708],[-3.190889,54.364544],[-3.191365,54.364289],[-3.191403,54.364282],[-3.19167,54.364067],[-3.192082,54.363657],[-3.19221,54.363268],[-3.19282,54.362461],[-3.192906,54.361735],[-3.19315,54.361251],[-3.193424,54.360373],[-3.193515,54.360154],[-3.193529,54.35991],[-3.193843,54.359631],[-3.194053,54.359117],[-3.194649,54.358579],[-3.19496,54.358201],[-3.195028,54.357606],[-3.19542,54.357059],[-3.195062,54.356918],[-3.195595,54.356413],[-3.195392,54.356096],[-3.19515,54.355873],[-3.19469,54.355559],[-3.194276,54.355344],[-3.194151,54.35512],[-3.194069,54.354865],[-3.193752,54.354674],[-3.193397,54.354265],[-3.193062,54.354212],[-3.192729,54.354196],[-3.192488,54.353661],[-3.191384,54.353678],[-3.19023,54.353864],[-3.189785,54.3537],[-3.18899,54.353436],[-3.188505,54.353761],[-3.188165,54.354142],[-3.187957,54.354573],[-3.188043,54.354873],[-3.18838,54.354761],[-3.188709,54.354739],[-3.188911,54.354884],[-3.188816,54.354994],[-3.188392,54.355164],[-3.188188,54.355326],[-3.188139,54.355525],[-3.188056,54.355699],[-3.188465,54.355797],[-3.188996,54.355901],[-3.189523,54.355915],[-3.19005,54.355897],[-3.190383,54.356002],[-3.190773,54.356203],[-3.191162,54.356366],[-3.191492,54.356382],[-3.191742,54.356271],[-3.191935,54.356109],[-3.192349,54.356009],[-3.192897,54.355958],[-3.193443,54.355863],[-3.194138,54.35633],[-3.194416,54.356462],[-3.194533,54.356685],[-3.194835,54.356874],[-3.195067,54.356923],[-3.19542,54.357046],[-3.196385,54.356901],[-3.197557,54.356761],[-3.198139,54.356784],[-3.198899,54.356866],[-3.199893,54.356683],[-3.200731,54.356777],[-3.201001,54.357005],[-3.201165,54.357349],[-3.201191,54.357496],[-3.201162,54.357637],[-3.201204,54.357937],[-3.201058,54.358188],[-3.200866,54.358389],[-3.200595,54.358519],[-3.200745,54.358761],[-3.200492,54.359129],[-3.200817,54.359337],[-3.200429,54.359596],[-3.200644,54.359806],[-3.200328,54.359917],[-3.199867,54.359903],[-3.200451,54.360716],[-3.200399,54.36119],[-3.200467,54.361638],[-3.200628,54.361905],[-3.200358,54.362042],[-3.199789,54.362131],[-3.199221,54.362252],[-3.198762,54.362327],[-3.198189,54.362614],[-3.197986,54.36284],[-3.197851,54.363078],[-3.197526,54.363248],[-3.19738,54.363505],[-3.197473,54.364048],[-3.197145,54.364858],[-3.196915,54.365251],[-3.196785,54.365592],[-3.19644,54.366203],[-3.196306,54.366505],[-3.196027,54.366707],[-3.195881,54.366983],[-3.195802,54.367278],[-3.195666,54.367516],[-3.19564,54.367766],[-3.195568,54.367927],[-3.195734,54.368341],[-3.195489,54.368593],[-3.195494,54.368792],[-3.195803,54.369192],[-3.195583,54.3692],[-3.195248,54.369376],[-3.194964,54.370192],[-3.194963,54.370525],[-3.194693,54.371078],[-3.194981,54.371535],[-3.195323,54.371942],[-3.195617,54.372233],[-3.195864,54.372416],[-3.196298,54.372617],[-3.196247,54.372739],[-3.196317,54.372892],[-3.196583,54.372985],[-3.196559,54.373286],[-3.196346,54.373493],[-3.195858,54.373722],[-3.195495,54.374077],[-3.19509,54.374523],[-3.194674,54.374949],[-3.194092,54.375678],[-3.193812,54.375879],[-3.193188,54.375955],[-3.192959,54.376015],[-3.192561,54.375917],[-3.192103,54.376049],[-3.191775,54.376097],[-3.19149,54.3761],[-3.190814,54.37671],[-3.190579,54.376559],[-3.190366,54.376395],[-3.189993,54.376437],[-3.189559,54.376595],[-3.189159,54.376842],[-3.188826,54.377075],[-3.188668,54.377313],[-3.188832,54.377677],[-3.188695,54.37787],[-3.188097,54.378445],[-3.187959,54.378638],[-3.188014,54.379009],[-3.188025,54.379373],[-3.187909,54.379925],[-3.187986,54.380295],[-3.188096,54.380684],[-3.188238,54.381035],[-3.188482,54.381506],[-3.188555,54.381761],[-3.188606,54.381997],[-3.188514,54.382215],[-3.188595,54.382739],[-3.188379,54.382955],[-3.188044,54.38324],[-3.187439,54.383852],[-3.186921,54.384101],[-3.18694,54.384763],[-3.186862,54.385032],[-3.186989,54.38535],[-3.186745,54.385808],[-3.186756,54.386202],[-3.186856,54.386657],[-3.186995,54.387012],[-3.187264,54.387409],[-3.187216,54.387603],[-3.187042,54.387899],[-3.1872,54.389272],[-3.187163,54.389866],[-3.187486,54.390256],[-3.187367,54.390595],[-3.187593,54.390992],[-3.187982,54.391451],[-3.188055,54.391762],[-3.188221,54.392304],[-3.188258,54.392473],[-3.188191,54.393111],[-3.188183,54.393573],[-3.188051,54.394193],[-3.188162,54.394679],[-3.18835,54.395239],[-3.188527,54.395431],[-3.18895,54.395589],[-3.18939,54.395972],[-3.189913,54.396617],[-3.190401,54.396787],[-3.190273,54.397138],[-3.190185,54.397457],[-3.190343,54.39808],[-3.19012,54.3993],[-3.18993,54.3997],[-3.18928,54.39979],[-3.18873,54.40006],[-3.18869,54.40037],[-3.18835,54.40052],[-3.18831,54.40077],[-3.188078,54.400988],[-3.187253,54.402171],[-3.186209,54.402781],[-3.185492,54.402838],[-3.186072,54.402876],[-3.186746,54.4028],[-3.187518,54.402799],[-3.188665,54.402738],[-3.189255,54.402726],[-3.19018,54.402816],[-3.191117,54.402926],[-3.19247,54.40295],[-3.192772,54.403022],[-3.192979,54.403139],[-3.194162,54.403233],[-3.196638,54.404221],[-3.197564,54.404355],[-3.198332,54.40456],[-3.198744,54.404693],[-3.200113,54.404917],[-3.200817,54.404748],[-3.202605,54.404243],[-3.203582,54.403921],[-3.204216,54.403571],[-3.204791,54.403053],[-3.205381,54.402697],[-3.206036,54.402335],[-3.206188,54.402052],[-3.206598,54.401761],[-3.207277,54.401479],[-3.207937,54.40131],[-3.20875,54.401233],[-3.209857,54.400922],[-3.210679,54.400421],[-3.212055,54.400126],[-3.211987,54.399652],[-3.21284,54.399474],[-3.213482,54.399412],[-3.213409,54.399119],[-3.214026,54.398932],[-3.214586,54.398626],[-3.215452,54.39818],[-3.216145,54.39803],[-3.217281,54.397612],[-3.218342,54.397195],[-3.218825,54.396834],[-3.219732,54.396682],[-3.220487,54.396455],[-3.221075,54.396374],[-3.221563,54.39617],[-3.222085,54.396058],[-3.222982,54.395912],[-3.223577,54.3957],[-3.224208,54.395631],[-3.226442,54.395002],[-3.226718,54.394906],[-3.227067,54.394715],[-3.227077,54.39434],[-3.227321,54.394237],[-3.227474,54.393967],[-3.228578,54.393993],[-3.229662,54.393989],[-3.230136,54.394065],[-3.231183,54.393917],[-3.232657,54.394046],[-3.234187,54.394242],[-3.237161,54.394662],[-3.237647,54.394751],[-3.238056,54.39479],[-3.238623,54.394753],[-3.238898,54.394975],[-3.239278,54.395115],[-3.239879,54.395115],[-3.24044,54.395203],[-3.241381,54.395449],[-3.242004,54.395493],[-3.242676,54.395355],[-3.244357,54.395244],[-3.244648,54.395978],[-3.245946,54.395959],[-3.246537,54.39599],[-3.248141,54.395811],[-3.249692,54.395658],[-3.250132,54.39564],[-3.250337,54.395326],[-3.25065,54.395048],[-3.25094,54.394701],[-3.251266,54.394479],[-3.251992,54.394353],[-3.252741,54.394283],[-3.253316,54.394164],[-3.253686,54.393967],[-3.254076,54.393732],[-3.254626,54.393482],[-3.255181,54.393389],[-3.255771,54.393364],[-3.256545,54.393069],[-3.256946,54.392859],[-3.257357,54.392592],[-3.257908,54.392361],[-3.259066,54.391649],[-3.259457,54.391458],[-3.261141,54.391072],[-3.261843,54.390896],[-3.262585,54.390588],[-3.263064,54.390446],[-3.263213,54.390763],[-3.263319,54.391086],[-3.263442,54.391241],[-3.263221,54.391381],[-3.263541,54.391328],[-3.263772,54.391838],[-3.263484,54.392247],[-3.264149,54.392596],[-3.264246,54.392957],[-3.263585,54.393801],[-3.263476,54.394415],[-3.26307,54.394831],[-3.263114,54.395218],[-3.262956,54.395657],[-3.263333,54.396059],[-3.263516,54.396432],[-3.263423,54.397233],[-3.263685,54.397361],[-3.26416,54.39745],[-3.264994,54.397354],[-3.266199,54.397479],[-3.267033,54.397358],[-3.268184,54.397127],[-3.268983,54.396931],[-3.269738,54.396704],[-3.270359,54.397704],[-3.270082,54.3981],[-3.27008,54.398388],[-3.270093,54.398106],[-3.27037,54.397697],[-3.270842,54.397368],[-3.271063,54.396878],[-3.271113,54.396596],[-3.271081,54.396241],[-3.270794,54.395981],[-3.270679,54.395726],[-3.27048,54.395547],[-3.270387,54.395317],[-3.270486,54.395054],[-3.270692,54.394777],[-3.270782,54.394551],[-3.270746,54.394095],[-3.270633,54.393928],[-3.27034,54.393793],[-3.270171,54.393539],[-3.269932,54.393104],[-3.270034,54.392922],[-3.270018,54.392772],[-3.2704,54.392631],[-3.268603,54.391412],[-3.268134,54.39118],[-3.267658,54.39106],[-3.267202,54.390896],[-3.266886,54.390718],[-3.266378,54.390274],[-3.266218,54.389963],[-3.266568,54.390003],[-3.266985,54.390286],[-3.267466,54.390587],[-3.26802,54.390806],[-3.268834,54.390741],[-3.26983,54.390687],[-3.270775,54.390702],[-3.273778,54.390308],[-3.27492,54.390459],[-3.275133,54.390413],[-3.275059,54.390089],[-3.274637,54.389643],[-3.274396,54.389146],[-3.274172,54.388849],[-3.273555,54.388331],[-3.273681,54.387898],[-3.273301,54.387415],[-3.272691,54.387109],[-3.272553,54.386823],[-3.272544,54.386523],[-3.27248,54.386199],[-3.272711,54.386028],[-3.272555,54.385836],[-3.272881,54.385626],[-3.273003,54.385419],[-3.273678,54.385368],[-3.274196,54.385125],[-3.273742,54.385011],[-3.273573,54.384763],[-3.273528,54.384363],[-3.273338,54.384121],[-3.273839,54.38366],[-3.273716,54.383161],[-3.273351,54.382803],[-3.272977,54.382519],[-3.272347,54.38227],[-3.272062,54.382085],[-3.271738,54.381664],[-3.271708,54.381383],[-3.271712,54.381164],[-3.271524,54.380641],[-3.271494,54.380385],[-3.271691,54.380158],[-3.271727,54.37992],[-3.271609,54.37924],[-3.271661,54.378852],[-3.271885,54.378444],[-3.27171,54.378339],[-3.270919,54.378085],[-3.270128,54.377512],[-3.269641,54.377024],[-3.269852,54.376209],[-3.270187,54.375599],[-3.270447,54.37534],[-3.270845,54.375011],[-3.271171,54.374795],[-3.271552,54.374653],[-3.271783,54.374488],[-3.272068,54.373979],[-3.272338,54.373689],[-3.272918,54.373689],[-3.273096,54.373575],[-3.273083,54.37315],[-3.273129,54.372887],[-3.273469,54.372458],[-3.273772,54.371842],[-3.274492,54.371853],[-3.274938,54.371724],[-3.275259,54.371345],[-3.274966,54.371242],[-3.274569,54.371246],[-3.274159,54.371176],[-3.27378,54.371048],[-3.273549,54.370882],[-3.273479,54.370683],[-3.273838,54.370491],[-3.274088,54.37027],[-3.274242,54.370037],[-3.274636,54.369672],[-3.2751,54.369398],[-3.275916,54.369058],[-3.276115,54.368918],[-3.276711,54.368749],[-3.277838,54.368081],[-3.279232,54.367691],[-3.280561,54.367296],[-3.281878,54.366876],[-3.283035,54.366482],[-3.283608,54.366263],[-3.285457,54.365675],[-3.286083,54.365462],[-3.28676,54.365148],[-3.287193,54.364912],[-3.287505,54.364615],[-3.287623,54.364283],[-3.288026,54.364116],[-3.289164,54.362766],[-3.289509,54.362474],[-3.289814,54.362277],[-3.289936,54.362076],[-3.289935,54.361694],[-3.289905,54.361426],[-3.28994,54.361169],[-3.290418,54.361002],[-3.290475,54.360776],[-3.290489,54.360551],[-3.290667,54.360386],[-3.29103,54.360351],[-3.2915,54.360283],[-3.291998,54.360084],[-3.293089,54.359954],[-3.293832,54.35969],[-3.294567,54.359519],[-3.295239,54.359393],[-3.296221,54.359245],[-3.297011,54.359105],[-3.297692,54.358942],[-3.298455,54.358977],[-3.299239,54.358975],[-3.29994,54.358761],[-3.300398,54.358644],[-3.300848,54.358633],[-3.301534,54.358588],[-3.305997,54.35924],[-3.306355,54.359386],[-3.307042,54.359729],[-3.307486,54.359831],[-3.307679,54.360516],[-3.308615,54.359925],[-3.309768,54.360068],[-3.310573,54.36006],[-3.311068,54.360111],[-3.311557,54.360305],[-3.312066,54.36045],[-3.312622,54.360394],[-3.31293,54.360303],[-3.31347,54.360066],[-3.314169,54.359789],[-3.315989,54.359319],[-3.316274,54.359166],[-3.316571,54.359063],[-3.317787,54.358831],[-3.319775,54.358253],[-3.320539,54.357982],[-3.321269,54.357661],[-3.32216,54.357314],[-3.322741,54.357045],[-3.322993,54.356873],[-3.323306,54.356582],[-3.323627,54.356222],[-3.323999,54.355474],[-3.324592,54.355211],[-3.325197,54.355004],[-3.326097,54.354294],[-3.326927,54.353747],[-3.327859,54.353049],[-3.328502,54.352691],[-3.329426,54.352375],[-3.33008,54.352024],[-3.330621,54.351849],[-3.332821,54.351518],[-3.333987,54.351405],[-3.334619,54.351373],[-3.335907,54.351397],[-3.335455,54.351008],[-3.336089,54.350713],[-3.337286,54.349887],[-3.33835,54.349625],[-3.339623,54.34983],[-3.340169,54.349798],[-3.34072,54.349892],[-3.34153,54.350077],[-3.342271,54.350069],[-3.343371,54.349919],[-3.344671,54.349967],[-3.345456,54.350021],[-3.346913,54.349955],[-3.348896,54.349883],[-3.349664,54.349755],[-3.350263,54.349023],[-3.350767,54.348054],[-3.351556,54.346907],[-3.352543,54.34689],[-3.35368,54.346896],[-3.354156,54.346672],[-3.354495,54.346555],[-3.355546,54.346869],[-3.355987,54.34722],[-3.354776,54.346289],[-3.354536,54.345842],[-3.354242,54.345707],[-3.354136,54.344783],[-3.353858,54.344142],[-3.354336,54.343999],[-3.355232,54.343851],[-3.355518,54.343723],[-3.355679,54.343396],[-3.355752,54.343013],[-3.355875,54.342837],[-3.356211,54.342946],[-3.356622,54.343035],[-3.357031,54.342743],[-3.357541,54.342593],[-3.357905,54.342589],[-3.358103,54.342724],[-3.358184,54.342911],[-3.359418,54.342578],[-3.359729,54.342568],[-3.360065,54.342658],[-3.359912,54.34226],[-3.360581,54.341714],[-3.36087,54.341392],[-3.360548,54.341045],[-3.363648,54.340366],[-3.364622,54.340305],[-3.364633,54.33966],[-3.364919,54.339538],[-3.365135,54.339261],[-3.365,54.339068],[-3.364497,54.338811],[-3.364585,54.338547],[-3.364912,54.338387],[-3.365443,54.338219],[-3.366097,54.337873],[-3.366625,54.337924],[-3.367116,54.337856],[-3.367476,54.337701],[-3.367766,54.337392],[-3.368058,54.337151],[-3.368307,54.336891],[-3.368548,54.336388],[-3.36895,54.336208],[-3.369551,54.335889],[-3.369951,54.335346],[-3.370372,54.335085],[-3.371759,54.334525],[-3.372245,54.334313],[-3.372003,54.334122],[-3.372626,54.333489],[-3.373638,54.332633],[-3.373918,54.332354],[-3.374296,54.332112],[-3.375386,54.331956],[-3.375742,54.332008],[-3.377029,54.331993],[-3.37752,54.331919],[-3.377708,54.33176],[-3.378269,54.331216],[-3.379037,54.330444],[-3.37985,54.331323],[-3.380148,54.331557],[-3.380575,54.331809],[-3.381211,54.331896],[-3.382006,54.331943],[-3.38295,54.331919],[-3.383847,54.331809],[-3.384426,54.331784],[-3.384943,54.331847],[-3.387295,54.332539],[-3.387679,54.332791],[-3.388225,54.33306],[-3.388663,54.333318],[-3.389166,54.333588],[-3.389784,54.333781],[-3.390372,54.334043],[-3.390898,54.33405],[-3.391509,54.334024],[-3.391864,54.334057],[-3.392301,54.334277],[-3.393233,54.334855],[-3.39389,54.334935],[-3.394427,54.334954],[-3.394968,54.334747],[-3.395363,54.334705],[-3.397627,54.334379],[-3.398528,54.334356],[-3.399126,54.334267],[-3.400192,54.334074],[-3.400706,54.334036],[-3.401223,54.334087],[-3.402328,54.334099],[-3.402684,54.334139],[-3.404221,54.334853],[-3.404544,54.335193],[-3.404727,54.335516],[-3.405061,54.335544],[-3.405393,54.33554],[-3.40552,54.335795],[-3.406001,54.336046],[-3.405442,54.336346],[-3.405158,54.338089],[-3.406026,54.338661],[-3.406845,54.339721],[-3.406979,54.340163],[-3.407221,54.341287],[-3.407056,54.341476],[-3.405612,54.342563],[-3.405117,54.342819],[-3.40496,54.343553],[-3.405455,54.343922],[-3.405647,54.344502],[-3.405454,54.345461],[-3.405132,54.346397],[-3.405237,54.347897],[-3.405673,54.349005],[-3.406114,54.350307],[-3.406818,54.351099],[-3.407582,54.351497],[-3.408509,54.35193],[-3.409051,54.35238],[-3.409807,54.352847],[-3.410617,54.353006],[-3.410753,54.353198],[-3.410705,54.354]]}},{"type":"Feature","properties":{"kind":"start","name":"Lakeland Way start"},"geometry":{"type":"Point","coordinates":[-3.408099,54.355452]}},{"type":"Feature","properties":{"kind":"finish","name":"Lakeland Way finish"},"geometry":{"type":"Point","coordinates":[-3.410705,54.354]}}]}